sbjNo;sbjlevel;studyPrg;sbjName;elective;numCurr;numSchd;srvProvider;srvClient;sbjNotes;lecNo;lecName;lec1stn;lecRoom;lecNotes;isprof;lecDept;supervisor;term;cntLec;cntCurr;cntSchd;assNotes
1051001-SWB;1;SWB;Physik;P;3;4;G;IT;;0;Service G;;;;WAHR;G;;SS15;5;5;6;
1051001-SWB;1;SWB;Physik;P;3;4;G;IT;;0;Service G;;;;WAHR;G;;WS1415;5;5;6;
1051001-SWB;1;SWB;Physik;P;3;4;G;IT;;0;Service G;;;;WAHR;G;;WS1516;5;5;6;
1051002-SWB;1;SWB;Informationstechnik ;P;5;6;IT;IT;;86;Malz;Reinhard;F1.453;;WAHR;IT;;WS1516;4;4;4;
1051002-SWB;1;SWB;Informationstechnik ;P;5;6;IT;IT;;1119;Gro�;Hans-Gerhard;;;WAHR;IT;;SS15;4;4;4;
1051002-SWB;1;SWB;Informationstechnik ;P;5;6;IT;IT;;1119;Gro�;Hans-Gerhard;;;WAHR;IT;;WS1415;4;4;4;
1051002-WKB;1;WKB;Informationstechnik;P;3;4;IT;IT;;1105;Marchthaler;Reiner;;;WAHR;IT;;SS15;4;4;4;
1051002-WKB;1;WKB;Informationstechnik;P;3;4;IT;IT;;1105;Marchthaler;Reiner;;;WAHR;IT;;WS1415;4;4;4;
1051002-WKB;1;WKB;Informationstechnik;P;3;4;IT;IT;;1105;Marchthaler;Reiner;;;WAHR;IT;;WS1516;4;4;4;
1051003-SWB;1;SWB;Mathematik 1," A;P;3;4;G;IT;;0;Service G;;;;WAHR;G;;SS15;5;5;6;"
1051003-SWB;1;SWB;Mathematik 1," A;P;3;4;G;IT;;0;Service G;;;;WAHR;G;;WS1516;5;5;6;"
1051003-SWB;1;SWB;Mathematik 1," A;P;3;4;IT;IT;;7;H�fer;Karlheinz;F1.452;;WAHR;IT;;WS1415;0;5;6;"
1051003-TIB;1;TIB;Mathematik 1," A;P;5;6;G;IT;;0;Service G;;;;WAHR;G;;SS15;5;5;6;"
1051003-TIB;1;TIB;Mathematik 1," A;P;5;6;G;IT;;0;Service G;;;;WAHR;G;;WS1415;5;5;6;"
1051003-TIB;1;TIB;Mathematik 1," A;P;5;6;IT;IT;;7;H�fer;Karlheinz;F1.452;;WAHR;IT;;SS15;5;0;0;"
1051003-TIB;1;TIB;Mathematik 1," A;P;5;6;IT;IT;;7;H�fer;Karlheinz;F1.452;;WAHR;IT;;WS1516;5;5;6;"
1051003-WKB;1;WKB;Mathematik 1," A;P;5;6;G;IT;;0;Service G;;;;WAHR;G;;SS15;5;5;6;"
1051003-WKB;1;WKB;Mathematik 1," A;P;5;6;G;IT;;0;Service G;;;;WAHR;G;;WS1516;5;5;6;"
1051003-WKB;1;WKB;Mathematik 1," A;P;5;6;IT;IT;;7;H�fer;Karlheinz;F1.452;;WAHR;IT;;WS1415;5;5;6;"
1051004-SWB;1;SWB;Mathematik 1," B;P;1;2;G;IT;;0;Service G;;;;WAHR;G;;SS15;5;5;6;"
1051004-SWB;1;SWB;Mathematik 1," B;P;1;2;G;IT;;0;Service G;;;;WAHR;G;;WS1415;5;5;6;"
1051004-SWB;1;SWB;Mathematik 1," B;P;1;2;G;IT;;0;Service G;;;;WAHR;G;;WS1516;5;5;6;"
1051004-TIB;1;TIB;Mathematik 1," B;P;4;4;G;IT;;0;Service G;;;;WAHR;G;;SS15;5;5;6;"
1051004-TIB;1;TIB;Mathematik 1," B;P;4;4;G;IT;;0;Service G;;;;WAHR;G;;WS1415;5;5;6;"
1051004-TIB;1;TIB;Mathematik 1," B;P;4;4;G;IT;;0;Service G;;;;WAHR;G;;WS1516;5;5;6;"
1051004-WKB;1;WKB;Mathematik 1," B;P;5;6;G;IT;;0;Service G;;;;WAHR;G;;SS15;5;5;6;"
1051004-WKB;1;WKB;Mathematik 1," B;P;5;6;G;IT;;0;Service G;;;;WAHR;G;;WS1415;5;5;6;"
1051004-WKB;1;WKB;Mathematik 1," B;P;5;6;G;IT;;0;Service G;;;;WAHR;G;;WS1516;5;5;6;"
1051005-SWB;1;SWB;Programmieren ;P;4;4;IT;IT;;1079;R��ler;Andreas;;;WAHR;IT;;WS1415;2;4;4;
1051005-TIB;1;TIB;Programmieren;P;1;2;IT;IT;;1079;R��ler;Andreas;;;WAHR;IT;;WS1415;2;0;0;
1051006-SWB;1;SWB;Informatik 1 ;P;5;6;IT;IT;;21;Zieher;Martin;F1.354;;WAHR;IT;;WS1415;3;3;4;
1051006-TIB;1;TIB;Informatik 1 ;P;5;6;IT;IT;;19;Weber;Heinrich;F1.318;;WAHR;IT;;WS1415;3;3;4;
1051006-WKB;2;WKB;Informatik 1;P;2;2;IT;IT;;1035;Warendorf;Kai;F1.352;;WAHR;IT;;WS1415;3;3;4;
1051007-SWB;1;SWB;Labor Informatik 1 ;P;4;4;IT;IT;;21;Zieher;Martin;F1.354;;WAHR;IT;;WS1415;2;1;2;
1051007-TIB;1;TIB;Labor Informatik 1 ;P;5;6;IT;IT;;19;Weber;Heinrich;F1.318;;WAHR;IT;;WS1415;2;1;2;
1051007-WKB;2;WKB;Labor Informatik 1;P;4;4;IT;IT;;3;Dausmann;Manfred;F1.319;;WAHR;IT;;WS1415;2;1;2;
1051008-TIB;1;TIB;Digitaltechnik 1 ;P;5;6;IT;IT;;1023;Keller;Reinhard;;;WAHR;IT;;SS15;5;5;6;
1051008-TIB;1;TIB;Digitaltechnik 1 ;P;5;6;IT;IT;;1023;Keller;Reinhard;;;WAHR;IT;;WS1415;5;5;6;
1051008-TIB;1;TIB;Digitaltechnik 1 ;P;5;6;IT;IT;;1023;Keller;Reinhard;;;WAHR;IT;;WS1516;5;5;6;
10510102-SWB;4;SWB;Wissenschaftliches Arbeiten;P;1;2;IT;IT;;1079;R��ler;Andreas;;;WAHR;IT;;SS15;1;0;0;
10510102-WKB;1;WKB;Wissenschaftliches Arbeiten;P;2;2;IT;IT;;1013;LB nn;;;;FALSCH;IT;;WS1415;2;2;2;LB Matthias M�ller
1051010-WKB;1;WKB;Wirtschaftsinformatik 1;P;3;4;IT;IT;;1122;Rodach;Thomas;;;WAHR;IT;;SS15;4;0;0;
1051010-WKB;1;WKB;Wirtschaftsinformatik 1;P;3;4;IT;IT;;1122;Rodach;Thomas;;;WAHR;IT;;WS1516;4;0;0;
1051010-WKB;1;WKB;Wirtschaftsinformatik 1;P;3;4;IT;IT;;1201;LB M�ller-Matthias;Matthias;;;FALSCH;IT;Hesse;WS1415;3;0;0;
10510112-WKB;1;WKB;VWL;P;2;2;IT;IT;;1161;LB Paul;Axel-Stefan;;;FALSCH;IT;Hesse;SS15;2;2;2;
10510112-WKB;1;WKB;VWL;P;2;2;IT;IT;;1161;LB Paul;Axel-Stefan;;;FALSCH;IT;Hesse;WS1415;2;2;2;
10510112-WKB;1;WKB;VWL;P;2;2;IT;IT;;1212;Kriegbaum-Kling;Katharina;;;WAHR;IT;;WS1516;2;2;2;
1051011-WKB;1;WKB;BWL;P;2;2;IT;IT;;1161;LB Paul;Axel-Stefan;;;FALSCH;IT;Hesse;SS15;3;3;4;
1051011-WKB;1;WKB;BWL;P;2;2;IT;IT;;1161;LB Paul;Axel-Stefan;;;FALSCH;IT;Hesse;WS1415;3;3;4;
1051011-WKB;1;WKB;BWL;P;2;2;IT;IT;;1212;Kriegbaum-Kling;Katharina;;;WAHR;IT;;WS1516;3;3;4;
1051012-TIB;1;TIB;Physik 1;P;3;4;G;IT;;0;Service G;;;;WAHR;G;;SS15;5;5;6;
1051012-TIB;1;TIB;Physik 1;P;3;4;G;IT;;0;Service G;;;;WAHR;G;;WS1415;5;5;6;
1051012-TIB;1;TIB;Physik 1;P;3;4;G;IT;;0;Service G;;;;WAHR;G;;WS1516;5;5;6;
1051014-SWB;1;SWB;Programmieren 1;P;4;4;IT;IT;;1079;R��ler;Andreas;;;WAHR;IT;;SS15;2;4;4;
1051014-SWB;1;SWB;Programmieren 1;P;4;4;IT;IT;;1079;R��ler;Andreas;;;WAHR;IT;;WS1516;2;4;4;
1051014-TIB;1;TIB;Programmieren 1;P;1;2;IT;IT;;1079;R��ler;Andreas;;;WAHR;IT;;SS15;2;0;0;
1051014-TIB;1;TIB;Programmieren 1;P;1;2;IT;IT;;1079;R��ler;Andreas;;;WAHR;IT;;WS1516;2;0;0;
1051014-WKB;1;WKB;Programmieren 1;P;4;4;IT;IT;;3;Dausmann;Manfred;F1.319;;WAHR;IT;;SS15;2;0;0;
1051014-WKB;1;WKB;Programmieren 1;P;4;4;IT;IT;;3;Dausmann;Manfred;F1.319;;WAHR;IT;;WS1516;2;0;0;
1051014-WKB;1;WKB;Programmieren 1;P;4;4;IT;IT;;1035;Warendorf;Kai;F1.352;;WAHR;IT;;WS1415;4;4;4;
1051014-WKB;1;WKB;Programmieren 1;P;4;4;IT;IT;;1079;R��ler;Andreas;;;WAHR;IT;;WS1415;2;0;0;
1051014-WKB;1;WKB;Programmieren 1;P;4;4;IT;IT;;1202;LB Radke de Cuba;Maria;;;FALSCH;IT;R��ler;WS1415;2;0;0;
1051015-SWB;1;SWB;Programmieren 2;P;5;6;IT;IT;;1070;Beck;Astrid;;;WAHR;IT;;SS15;3;3;4;
1051015-SWB;1;SWB;Programmieren 2;P;5;6;IT;IT;;1070;Beck;Astrid;;;WAHR;IT;;WS1516;3;3;4;
1051015-TIB;1;TIB;Programmieren 2;P;5;6;IT;IT;;21;Zieher;Martin;F1.354;;WAHR;IT;;SS15;3;3;4;
1051015-TIB;1;TIB;Programmieren 2;P;5;6;IT;IT;;21;Zieher;Martin;F1.354;;WAHR;IT;;WS1516;3;3;4;
1051016-SWB;1;SWB;Labor Programmieren 2;P;4;4;IT;IT;;19;Weber;Heinrich;F1.318;;WAHR;IT;;SS15;2;1;2;
1051016-SWB;1;SWB;Labor Programmieren 2;P;4;4;IT;IT;;1070;Beck;Astrid;;;WAHR;IT;;WS1516;2;1;2;
1051016-TIB;1;TIB;Labor Programmieren 2;P;5;6;IT;IT;;21;Zieher;Martin;F1.354;;WAHR;IT;;SS15;2;1;2;
1051016-TIB;1;TIB;Labor Programmieren 2;P;5;6;IT;IT;;21;Zieher;Martin;F1.354;;WAHR;IT;;WS1516;2;1;2;
1051027-WKB;2;WKB;Objektorientierte Systeme 1;P;2;2;IT;IT;;3;Dausmann;Manfred;F1.319;;WAHR;IT;;SS15;3;3;4;
1051027-WKB;2;WKB;Objektorientierte Systeme 1;P;2;2;IT;IT;;1035;Warendorf;Kai;F1.352;;WAHR;IT;;WS1516;3;3;4;
1051028-WKB;2;WKB;Labor Objektorientierte Systeme 1;P;4;4;IT;IT;;1100;LB Sari;Mehmet;;;FALSCH;IT;;SS15;2;1;2;
1051028-WKB;2;WKB;Labor Objektorientierte Systeme 1;P;4;4;IT;IT;;1100;LB Sari;Mehmet;;;FALSCH;IT;;WS1516;2;1;2;
1051028-WKB;2;WKB;Labor Objektorientierte Systeme 1;P;4;4;IT;IT;;1137;LB Gr�ttner;Emil;;;FALSCH;IT;;WS1415;1,5;0;0;
1052001-MIB;2;MIB;Mensch-Computer-Interaktion 1;P;4;4;IT;IT;;1070;Beck;Astrid;;;WAHR;IT;;SS15;0;3;4;
1052001-MIB;2;MIB;Mensch-Computer-Interaktion 1;P;4;4;IT;IT;;1070;Beck;Astrid;;;WAHR;IT;;WS1516;0;3;4;
1052001-MIB;2;MIB;Mensch-Computer-Interaktion 1;P;4;4;IT;IT;;1208;LB Marek;Michael;;;FALSCH;IT;Beck;WS1415;4;3;4;LB Michael Marek
1052001-SWB;2;SWB;Mensch-Computer-Interaktion 1;P;1;2;IT;IT;;1070;Beck;Astrid;;;WAHR;IT;;SS15;3;3;4;
1052001-SWB;2;SWB;Mensch-Computer-Interaktion 1;P;1;2;IT;IT;;1070;Beck;Astrid;;;WAHR;IT;;WS1516;3;3;4;
1052001-SWB;2;SWB;Mensch-Computer-Interaktion 1;P;1;2;IT;IT;;1208;LB Marek;Michael;;;FALSCH;IT;Beck;WS1415;0;3;4;LB Michael Marek
1052001-WKB;3;WKB;Mensch-Computer-Interaktion 1;P;1;2;IT;IT;;999;IT-Prof;�;F 1.3;;WAHR;IT;;WS1415;0;3;4;
1052001-WKB;3;WKB;Mensch-Computer-Interaktion 1;P;1;2;IT;IT;;1208;LB Marek;Michael;;;FALSCH;IT;Beck;SS15;3;3;4;
1052001-WKB;3;WKB;Mensch-Computer-Interaktion 1;P;1;2;IT;IT;;1208;LB Marek;Michael;;;FALSCH;IT;Beck;WS1516;3;3;4;
1052002-MIB;2;MIB;Labor Mensch-Computer-Interaktion;P;1;2;IT;IT;;1070;Beck;Astrid;;;WAHR;IT;;SS15;0;1;2;
1052002-MIB;2;MIB;Labor Mensch-Computer-Interaktion;P;1;2;IT;IT;;1070;Beck;Astrid;;;WAHR;IT;;WS1516;0;1;2;
1052002-MIB;2;MIB;Labor Mensch-Computer-Interaktion;P;1;2;IT;IT;;1208;LB Marek;Michael;;;FALSCH;IT;Beck;WS1415;1;1;2;
1052002-SWB;2;SWB;Labor Mensch-Computer-Interaktion;P;1;2;IT;IT;;1070;Beck;Astrid;;;WAHR;IT;;SS15;2;1;2;
1052002-SWB;2;SWB;Labor Mensch-Computer-Interaktion;P;1;2;IT;IT;;1070;Beck;Astrid;;;WAHR;IT;;WS1516;2;1;2;
1052002-SWB;2;SWB;Labor Mensch-Computer-Interaktion;P;1;2;IT;IT;;1208;LB Marek;Michael;;;FALSCH;IT;Beck;WS1415;0;1;2;LB Michael Marek
1052002-WKB;4;WKB;Labor Mensch-Computer-Interaktion;P;1;2;IT;IT;;999;IT-Prof;�;F 1.3;;WAHR;IT;;WS1415;0;1;2;
1052002-WKB;4;WKB;Labor Mensch-Computer-Interaktion;P;1;2;IT;IT;;1208;LB Marek;Michael;;;FALSCH;IT;Beck;SS15;1;1;2;
1052002-WKB;4;WKB;Labor Mensch-Computer-Interaktion;P;1;2;IT;IT;;1208;LB Marek;Michael;;;FALSCH;IT;Beck;WS1516;2;1;2;
1052003-MIB;2;MIB;Mathematik 2;P;1;2;G;IT;;0;Service G;;;;WAHR;G;;SS15;0;5;6;
1052003-MIB;2;MIB;Mathematik 2;P;1;2;G;IT;;0;Service G;;;;WAHR;G;;WS1415;0;5;6;
1052003-MIB;2;MIB;Mathematik 2;P;1;2;G;IT;;0;Service G;;;;WAHR;G;;WS1516;0;5;6;
1052003-SWB;2;SWB;Mathematik 2;P;1;2;G;IT;;0;Service G;;;;WAHR;G;;SS15;5;5;6;
1052003-SWB;2;SWB;Mathematik 2;P;1;2;G;IT;;0;Service G;;;;WAHR;G;;WS1415;5;5;6;+ 2 SWS Mathe-Zusatz�bungen
1052003-SWB;2;SWB;Mathematik 2;P;1;2;G;IT;;0;Service G;;;;WAHR;G;;WS1516;5;5;6;
1052003�-SWB;2;SWB;Zusatz�bungen Mathematik 2;Z;0;2;G;IT;;0;Service G;;;;WAHR;G;;WS1415;2;0;0;
1052003�-TIB;2;TIB;Zusatz�bungen Mathematik 2;Z;0;2;G;IT;;0;Service G;;;;WAHR;G;;WS1415;2;0;0;
1052003�-TIB;2;TIB;Zusatz�bungen Mathematik 2;Z;0;2;G;IT;;0;Service G;;;;WAHR;G;;WS1516;2;2;2;
1052003�-WKB;2;WKB;Zusatz�bungen Mathematik 2;Z;0;2;G;IT;;0;Service G;;;;WAHR;G;;WS1415;2;0;0;
1052004-MIB;2;MIB;Betriebssysteme ;P;5;6;IT;IT;;19;Weber;Heinrich;F1.318;;WAHR;IT;;SS15;0;4;4;
1052004-MIB;2;MIB;Betriebssysteme ;P;5;6;IT;IT;;19;Weber;Heinrich;F1.318;;WAHR;IT;;WS1516;0;4;4;
1052004-SWB;2;SWB;Betriebssysteme ;P;5;6;IT;IT;;19;Weber;Heinrich;F1.318;;WAHR;IT;;SS15;4;4;4;
1052004-SWB;2;SWB;Betriebssysteme ;P;5;6;IT;IT;;19;Weber;Heinrich;F1.318;;WAHR;IT;;WS1415;2;4;4;
1052004-SWB;2;SWB;Betriebssysteme ;P;5;6;IT;IT;;19;Weber;Heinrich;F1.318;;WAHR;IT;;WS1516;2;4;4;
1052004-TIB;2;TIB;Betriebssysteme;P;5;6;IT;IT;;19;Weber;Heinrich;F1.318;;WAHR;IT;;SS15;1;4;4;
1052004-TIB;2;TIB;Betriebssysteme;P;5;6;IT;IT;;19;Weber;Heinrich;F1.318;;WAHR;IT;;WS1415;2;4;4;
1052004-TIB;2;TIB;Betriebssysteme;P;5;6;IT;IT;;19;Weber;Heinrich;F1.318;;WAHR;IT;;WS1516;2;4;4;
1052005-MIB;2;MIB;Labor Betriebssysteme ;P;3;4;IT;IT;;19;Weber;Heinrich;F1.318;;WAHR;IT;;SS15;0;1;2;
1052005-MIB;2;MIB;Labor Betriebssysteme ;P;3;4;IT;IT;;19;Weber;Heinrich;F1.318;;WAHR;IT;;WS1516;0;1;2;
1052005-SWB;2;SWB;Labor Betriebssysteme ;P;4;4;IT;IT;;19;Weber;Heinrich;F1.318;;WAHR;IT;;SS15;4;1;2;
1052005-SWB;2;SWB;Labor Betriebssysteme ;P;4;4;IT;IT;;19;Weber;Heinrich;F1.318;;WAHR;IT;;WS1415;2;1;2;
1052005-SWB;2;SWB;Labor Betriebssysteme ;P;4;4;IT;IT;;19;Weber;Heinrich;F1.318;;WAHR;IT;;WS1516;2;1;2;
1052005-TIB;2;TIB;Labor Betriebssysteme;P;4;4;IT;IT;;19;Weber;Heinrich;F1.318;;WAHR;IT;;SS15;4;1;2;
1052005-TIB;2;TIB;Labor Betriebssysteme;P;4;4;IT;IT;;19;Weber;Heinrich;F1.318;;WAHR;IT;;WS1415;1;1;2;
1052005-TIB;2;TIB;Labor Betriebssysteme;P;4;4;IT;IT;;19;Weber;Heinrich;F1.318;;WAHR;IT;;WS1516;2;1;2;
1052006-MIB;2;MIB;Softwaretechnik ;P;4;4;IT;IT;;1119;Gro�;Hans-Gerhard;;;WAHR;IT;;WS1516;0;4;4;
1052006-SWB;2;SWB;Softwaretechnik ;P;4;4;IT;IT;;1070;Beck;Astrid;;;WAHR;IT;;SS15;3;4;4;
1052006-SWB;2;SWB;Softwaretechnik ;P;4;4;IT;IT;;1070;Beck;Astrid;;;WAHR;IT;;WS1516;3;4;4;Gekoppelt mit TIB2
1052006-SWB;2;SWB;Softwaretechnik ;P;4;4;IT;IT;;1119;Gro�;Hans-Gerhard;;;WAHR;IT;;WS1415;1,5;4;4;
1052006-TIB;2;TIB;Softwaretechnik;P;1;2;IT;IT;;1070;Beck;Astrid;;;WAHR;IT;;WS1516;0;4;4;Gekoppelt mit SWB2
1052006-TIB;2;TIB;Softwaretechnik;P;1;2;IT;IT;;1119;Gro�;Hans-Gerhard;;;WAHR;IT;;SS15;3;4;4;
1052006-TIB;2;TIB;Softwaretechnik;P;1;2;IT;IT;;1119;Gro�;Hans-Gerhard;;;WAHR;IT;;WS1415;1,5;4;4;
1052006-WKB;2;WKB;Softwaretechnik;P;1;2;IT;IT;;1035;Warendorf;Kai;F1.352;;WAHR;IT;;WS1415;3;4;4;
1052006-WKB;2;WKB;Softwaretechnik;P;1;2;IT;IT;;1035;Warendorf;Kai;F1.352;;WAHR;IT;;WS1516;3;4;4;
1052006-WKB;2;WKB;Softwaretechnik;P;1;2;IT;IT;;1119;Gro�;Hans-Gerhard;;;WAHR;IT;;SS15;1;4;4;
1052007-MIB;2;MIB;Labor Softwaretechnik ;P;1;2;IT;IT;;1119;Gro�;Hans-Gerhard;;;WAHR;IT;;WS1516;0;1;2;
1052007-SWB;2;SWB;Labor Softwaretechnik ;P;1;2;IFS;IT;;1162;Service IFS;;;;FALSCH;IFS;Nonnast;SS15;1;1;2;
1052007-SWB;2;SWB;Labor Softwaretechnik ;P;1;2;IFS;IT;;1162;Service IFS;;;;FALSCH;IFS;Nonnast;WS1415;1;1;2;
1052007-SWB;2;SWB;Labor Softwaretechnik ;P;1;2;IFS;IT;;1162;Service IFS;;;;FALSCH;IFS;Nonnast;WS1516;1;1;2;
1052007-SWB;2;SWB;Labor Softwaretechnik ;P;1;2;IT;IT;;1070;Beck;Astrid;;;WAHR;IT;;SS15;1;0;0;
1052007-SWB;2;SWB;Labor Softwaretechnik ;P;1;2;IT;IT;;1070;Beck;Astrid;;;WAHR;IT;;WS1516;1;0;0;
1052007-SWB;2;SWB;Labor Softwaretechnik ;P;1;2;IT;IT;;1119;Gro�;Hans-Gerhard;;;WAHR;IT;;WS1415;1;0;0;
1052007-TIB;2;TIB;Labor Softwaretechnik;P;1;2;IFS;IT;;1162;Service IFS;;;;FALSCH;IFS;Nonnast;SS15;1;0;0;
1052007-TIB;2;TIB;Labor Softwaretechnik;P;1;2;IFS;IT;;1162;Service IFS;;;;FALSCH;IFS;Nonnast;WS1415;1;0;0;
1052007-TIB;2;TIB;Labor Softwaretechnik;P;1;2;IFS;IT;;1162;Service IFS;;;;FALSCH;IFS;Nonnast;WS1516;1;0;0;
1052007-TIB;2;TIB;Labor Softwaretechnik;P;1;2;IT;IT;;1070;Beck;Astrid;;;WAHR;IT;;WS1516;1;1;2;
1052007-TIB;2;TIB;Labor Softwaretechnik;P;1;2;IT;IT;;1119;Gro�;Hans-Gerhard;;;WAHR;IT;;SS15;1;1;2;
1052007-TIB;2;TIB;Labor Softwaretechnik;P;1;2;IT;IT;;1119;Gro�;Hans-Gerhard;;;WAHR;IT;;WS1415;1;1;2;
1052007-WKB;2;WKB;Labor Softwaretechnik;P;5;6;IFS;IT;;1162;Service IFS;;;;FALSCH;IFS;Nonnast;WS1516;1;0;0;
1052007-WKB;2;WKB;Labor Softwaretechnik;P;5;6;IT;IT;;1035;Warendorf;Kai;F1.352;;WAHR;IT;;WS1415;2;1;2;
1052007-WKB;2;WKB;Labor Softwaretechnik;P;5;6;IT;IT;;1035;Warendorf;Kai;F1.352;;WAHR;IT;;WS1516;1;1;2;
1052007-WKB;2;WKB;Labor Softwaretechnik;P;5;6;IT;IT;;1119;Gro�;Hans-Gerhard;;;WAHR;IT;;SS15;1;1;2;
1052010-TIB;2;TIB;Physik 2;P;1;2;G;IT;;0;Service G;;;;WAHR;G;;SS15;5;5;6;
1052010-TIB;2;TIB;Physik 2;P;1;2;G;IT;;0;Service G;;;;WAHR;G;;WS1415;5;5;6;
1052010-TIB;2;TIB;Physik 2;P;1;2;G;IT;;0;Service G;;;;WAHR;G;;WS1516;5;5;6;
1052011-TIB;2;TIB;Elektrotechnik;P;4;4;IT;IT;;86;Malz;Reinhard;F1.453;;WAHR;IT;;SS15;4;4;4;
1052011-TIB;2;TIB;Elektrotechnik;P;4;4;IT;IT;;86;Malz;Reinhard;F1.453;;WAHR;IT;;WS1415;4;4;4;
1052011-TIB;2;TIB;Elektrotechnik;P;4;4;IT;IT;;86;Malz;Reinhard;F1.453;;WAHR;IT;;WS1516;4;4;4;
1052012-TIB;2;TIB;Labor Elektrotechnik;P;4;4;IT;IT;;25;LB Rauschnabel;Fritz;;Bedinung LB: 1.+2. Stunde," nicht Do;FALSCH;IT;Lindermeir;WS1415;2;0;0;"
1052012-TIB;2;TIB;Labor Elektrotechnik;P;4;4;IT;IT;;59;LB Hehl;Frank;;Prio1: Fr. vormittags Prio 2: Di.+Do. vormittags;FALSCH;IT;H�fer;SS15;2;1;2;
1052012-TIB;2;TIB;Labor Elektrotechnik;P;4;4;IT;IT;;59;LB Hehl;Frank;;Prio1: Fr. vormittags Prio 2: Di.+Do. vormittags;FALSCH;IT;H�fer;WS1415;1;1;2;
1052012-TIB;2;TIB;Labor Elektrotechnik;P;4;4;IT;IT;;59;LB Hehl;Frank;;Prio1: Fr. vormittags Prio 2: Di.+Do. vormittags;FALSCH;IT;H�fer;WS1516;2;1;2;
1052013-TIB;2;TIB;Mathematik 2;P;1;2;G;IT;;0;Service G;;;;WAHR;G;;SS15;4;4;4;
1052013-TIB;2;TIB;Mathematik 2;P;1;2;G;IT;;0;Service G;;;;WAHR;G;;WS1415;4;4;4;+ 2 SWS Mathe-Zusatz�bungen
1052013-TIB;2;TIB;Mathematik 2;P;1;2;G;IT;;0;Service G;;;;WAHR;G;;WS1516;4;4;4;
1052014-TIB;2;TIB;Labor Mathematik 2;P;1;2;G;IT;;0;Service G;;;;WAHR;G;;SS15;2;1;2;
1052014-TIB;2;TIB;Labor Mathematik 2;P;1;2;G;IT;;0;Service G;;;;WAHR;G;;WS1415;2;1;2;
1052014-TIB;2;TIB;Labor Mathematik 2;P;1;2;G;IT;;0;Service G;;;;WAHR;G;;WS1516;1;1;2;
10520152-WKB;2;WKB;Projektmanagement;P;2;2;IT;IT;;1013;LB nn;;;;FALSCH;IT;;WS1415;2;2;2;LB Matthias Wolf
1052015-WKB;2;WKB;Wirtschaftsinformatik 2;P;3;4;IT;IT;;1122;Rodach;Thomas;;;WAHR;IT;;SS15;4;2;2;
1052015-WKB;2;WKB;Wirtschaftsinformatik 2;P;3;4;IT;IT;;1122;Rodach;Thomas;;;WAHR;IT;;WS1516;4;2;2;
1052015-WKB;2;WKB;Wirtschaftsinformatik 2;P;3;4;IT;IT;;1207;LB Wolf;Matthias;;;FALSCH;IT;Hesse;WS1415;2;2;2;LB Matthias Wolf
1052016-WKB;2;WKB;Rechnungswesen 1;P;1;2;IT;IT;;1193;LB Helferich;Andreas;;;FALSCH;IT;Hesse;SS15;4;4;4;
1052016-WKB;2;WKB;Rechnungswesen 1;P;1;2;IT;IT;;1193;LB Helferich;Andreas;;;FALSCH;IT;Hesse;WS1415;4;4;4;LB Helferich
1052016-WKB;2;WKB;Rechnungswesen 1;P;1;2;IT;IT;;1212;Kriegbaum-Kling;Katharina;;;WAHR;IT;;WS1516;4;4;4;
1052017-WKB;2;WKB;Labor Rechnungswesen 1;P;4;4;IT;IT;;1193;LB Helferich;Andreas;;;FALSCH;IT;Hesse;SS15;1;1;2;
1052017-WKB;2;WKB;Labor Rechnungswesen 1;P;4;4;IT;IT;;1193;LB Helferich;Andreas;;;FALSCH;IT;Hesse;WS1415;1;1;2;LB Helferich
1052017-WKB;2;WKB;Labor Rechnungswesen 1;P;4;4;IT;IT;;1212;Kriegbaum-Kling;Katharina;;;WAHR;IT;;WS1516;1;1;2;
1052018-SWB;2;SWB;Statistik ;P;4;4;G;IT;;0;Service G;;;;WAHR;G;;SS15;4;4;4;
1052018-SWB;2;SWB;Statistik ;P;4;4;G;IT;;0;Service G;;;;WAHR;G;;WS1415;4;4;4;
1052018-SWB;2;SWB;Statistik ;P;4;4;G;IT;;0;Service G;;;;WAHR;G;;WS1516;4;4;4;
1052018-WKB;2;WKB;Statistik;P;1;2;G;IT;;0;Service G;;;;WAHR;G;;SS15;4;4;4;
1052018-WKB;2;WKB;Statistik;P;1;2;G;IT;;0;Service G;;;;WAHR;G;;WS1415;4;4;4;
1052018-WKB;2;WKB;Statistik;P;1;2;G;IT;;0;Service G;;;;WAHR;G;;WS1516;4;4;4;
1052019-SWB;2;SWB;Labor Statistik ;P;1;2;G;IT;;0;Service G;;;;WAHR;G;;SS15;2;1;2;
1052019-SWB;2;SWB;Labor Statistik ;P;1;2;G;IT;;0;Service G;;;;WAHR;G;;WS1415;1;1;2;
1052019-SWB;2;SWB;Labor Statistik ;P;1;2;G;IT;;0;Service G;;;;WAHR;G;;WS1516;1;1;2;
1052019-WKB;2;WKB;Labor Statistik;P;4;4;G;IT;;0;Service G;;;;WAHR;G;;SS15;2;1;2;
1052019-WKB;2;WKB;Labor Statistik;P;4;4;G;IT;;0;Service G;;;;WAHR;G;;WS1415;1;1;2;
1052019-WKB;2;WKB;Labor Statistik;P;4;4;G;IT;;0;Service G;;;;WAHR;G;;WS1516;2;1;2;
1052020-WKB;2;WKB;Mathematik 2;P;3;4;G;IT;;0;Service G;;;;WAHR;G;;SS15;5;5;6;
1052020-WKB;2;WKB;Mathematik 2;P;3;4;G;IT;;0;Service G;;;;WAHR;G;;WS1415;5;5;6;
1052020-WKB;2;WKB;Mathematik 2;P;3;4;G;IT;;0;Service G;;;;WAHR;G;;WS1516;5;5;6;
1052023-MIB;2;MIB;Digitale Medien;P;4;4;IT;IT;;17;Schmidt;Reinhard;F1.419;;WAHR;IT;;SS15;3;3;4;
1052023-MIB;2;MIB;Digitale Medien;P;4;4;IT;IT;;17;Schmidt;Reinhard;F1.419;;WAHR;IT;;WS1415;3;3;4;
1052023-MIB;2;MIB;Digitale Medien;P;4;4;IT;IT;;17;Schmidt;Reinhard;F1.419;;WAHR;IT;;WS1516;3;3;4;
1052024-MIB;2;MIB;Labor Digitale Medien;P;1;2;IT;IT;;1169;LB Ederer;Peter;;;FALSCH;IT;;SS15;2;1;2;
1052024-MIB;2;MIB;Labor Digitale Medien;P;1;2;IT;IT;;1169;LB Ederer;Peter;;;FALSCH;IT;;WS1415;1,5;1;2;
1052024-MIB;2;MIB;Labor Digitale Medien;P;1;2;IT;IT;;1169;LB Ederer;Peter;;;FALSCH;IT;;WS1516;2;1;2;
1052027-MIB;2;MIB;Objektorientierte Systeme 1;P;4;4;IT;IT;;3;Dausmann;Manfred;F1.319;;WAHR;IT;;WS1516;0;3;4;
1052027-SWB;2;SWB;Objektorientierte Systeme 1;P;4;4;IT;IT;;3;Dausmann;Manfred;F1.319;;WAHR;IT;;SS15;3;3;4;
1052027-SWB;2;SWB;Objektorientierte Systeme 1;P;4;4;IT;IT;;3;Dausmann;Manfred;F1.319;;WAHR;IT;;WS1415;1,5;3;4;
1052027-SWB;2;SWB;Objektorientierte Systeme 1;P;4;4;IT;IT;;3;Dausmann;Manfred;F1.319;;WAHR;IT;;WS1516;1,5;3;4;
1052027-TIB;2;TIB;Objektorientierte Systeme 1;P;4;4;IT;IT;;3;Dausmann;Manfred;F1.319;;WAHR;IT;;SS15;1;3;4;
1052027-TIB;2;TIB;Objektorientierte Systeme 1;P;4;4;IT;IT;;3;Dausmann;Manfred;F1.319;;WAHR;IT;;WS1415;1,5;3;4;
1052027-TIB;2;TIB;Objektorientierte Systeme 1;P;4;4;IT;IT;;3;Dausmann;Manfred;F1.319;;WAHR;IT;;WS1516;1,5;3;4;
1052028-MIB;2;MIB;Labor Objektorientierte Systeme 1;P;1;2;IT;IT;;3;Dausmann;Manfred;F1.319;;WAHR;IT;;WS1516;0;1;2;
1052028-SWB;2;SWB;Labor Objektorientierte Systeme 1;P;3;4;IT;IT;;3;Dausmann;Manfred;F1.319;;WAHR;IT;;SS15;3;1;2;
1052028-SWB;2;SWB;Labor Objektorientierte Systeme 1;P;3;4;IT;IT;;3;Dausmann;Manfred;F1.319;;WAHR;IT;;WS1415;2;1;2;
1052028-SWB;2;SWB;Labor Objektorientierte Systeme 1;P;3;4;IT;IT;;3;Dausmann;Manfred;F1.319;;WAHR;IT;;WS1516;2;1;2;
1052028-SWB;2;SWB;Labor Objektorientierte Systeme 1;P;3;4;IT;IT;;1100;LB Sari;Mehmet;;;FALSCH;IT;;WS1415;1;0;0;
1052028-TIB;2;TIB;Labor Objektorientierte Systeme 1;P;3;4;IT;IT;;3;Dausmann;Manfred;F1.319;;WAHR;IT;;SS15;2;1;2;
1052028-TIB;2;TIB;Labor Objektorientierte Systeme 1;P;3;4;IT;IT;;3;Dausmann;Manfred;F1.319;;WAHR;IT;;WS1415;2;1;2;
1052028-TIB;2;TIB;Labor Objektorientierte Systeme 1;P;3;4;IT;IT;;3;Dausmann;Manfred;F1.319;;WAHR;IT;;WS1516;2;1;2;
1052029-WKB;3;WKB;Objektorientierte Systeme 2;P;4;4;IT;IT;;1035;Warendorf;Kai;F1.352;;WAHR;IT;;WS1415;3;3;4;
1052029-WKB;3;WKB;Objektorientierte Systeme 2;P;4;4;IT;IT;;1119;Gro�;Hans-Gerhard;;;WAHR;IT;;SS15;3;0;0;
1052029-WKB;3;WKB;Objektorientierte Systeme 2;P;4;4;IT;IT;;1119;Gro�;Hans-Gerhard;;;WAHR;IT;;WS1516;3;0;0;
1052030-WKB;3;WKB;Labor Objektorientierte Systeme 2;P;2;2;IT;IT;;1137;LB Gr�ttner;Emil;;;FALSCH;IT;;SS15;1;1;2;
1052030-WKB;3;WKB;Labor Objektorientierte Systeme 2;P;2;2;IT;IT;;1137;LB Gr�ttner;Emil;;;FALSCH;IT;;WS1415;1,5;1;2;
1052030-WKB;3;WKB;Labor Objektorientierte Systeme 2;P;2;2;IT;IT;;1137;LB Gr�ttner;Emil;;;FALSCH;IT;;WS1516;1;1;2;
1053001-MIB;3;MIB;Mensch-Computer-Interaktion 2 ;P;3;4;IT;IT;;1196;LB Blach;Roland;;;FALSCH;IT;R��ler;SS15;3;3;4;
1053001-MIB;3;MIB;Mensch-Computer-Interaktion 2 ;P;3;4;IT;IT;;1196;LB Blach;Roland;;;FALSCH;IT;R��ler;WS1415;3;3;4;LB IAO
1053001-MIB;3;MIB;Mensch-Computer-Interaktion 2 ;P;3;4;IT;IT;;1196;LB Blach;Roland;;;FALSCH;IT;R��ler;WS1516;3;3;4;
1053002-MIB;3;MIB;Labor Mensch-Computer-Interaktion 2;P;1;2;IT;IT;;1196;LB Blach;Roland;;;FALSCH;IT;R��ler;SS15;1;1;2;
1053002-MIB;3;MIB;Labor Mensch-Computer-Interaktion 2;P;1;2;IT;IT;;1196;LB Blach;Roland;;;FALSCH;IT;R��ler;WS1415;1;1;2;LB IAO
1053002-MIB;3;MIB;Labor Mensch-Computer-Interaktion 2;P;1;2;IT;IT;;1196;LB Blach;Roland;;;FALSCH;IT;R��ler;WS1516;1;1;2;
1053003-SWB;3;SWB;Modellbildung und Simulation ;P;4;4;IT;IT;;1055;V�terlein;Peter;F 1,452;;WAHR;IT;;SS15;3;3;4;
1053003-SWB;3;SWB;Modellbildung und Simulation ;P;4;4;IT;IT;;1055;V�terlein;Peter;F 1,452;;WAHR;IT;;WS1415;3;3;4;
1053003-SWB;3;SWB;Modellbildung und Simulation ;P;4;4;IT;IT;;1055;V�terlein;Peter;F 1,452;;WAHR;IT;;WS1516;3;3;4;
1053004-SWB;3;SWB;Labor Modellbildung und Simulation;P;1;2;IT;IT;;1055;V�terlein;Peter;F 1,452;;WAHR;IT;;SS15;1;1;2;
1053004-SWB;3;SWB;Labor Modellbildung und Simulation;P;1;2;IT;IT;;1055;V�terlein;Peter;F 1,452;;WAHR;IT;;WS1415;1;1;2;
1053004-SWB;3;SWB;Labor Modellbildung und Simulation;P;1;2;IT;IT;;1055;V�terlein;Peter;F 1,452;;WAHR;IT;;WS1516;1;1;2;
1053005-SWB;3;SWB;Informatik 3 ;P;3;4;IT;IT;;3;Dausmann;Manfred;F1.319;;WAHR;IT;;WS1415;0;4;4;
1053006-SWB;3;SWB;Labor Informatik 3 ;P;1;2;IT;IT;;3;Dausmann;Manfred;F1.319;;WAHR;IT;;WS1415;0;1;2;
1053007-MIB;3;MIB;Datenbanken 1 ;P;4;4;GS;IT;;1072;Schoop;Dominik;F 1.3;;WAHR;GS;;SS15;0;4;4;
1053007-SWB;3;SWB;Datenbanken 1 ;P;4;4;GS;IT;;1072;Schoop;Dominik;F 1.3;;WAHR;GS;;SS15;1;4;4;
1053007-SWB;3;SWB;Datenbanken 1 ;P;4;4;IT;IT;;16;Nonnast;J�rgen;F1.454;;WAHR;IT;;SS15;1;0;0;
1053007-SWB;3;SWB;Datenbanken 1 ;P;4;4;IT;IT;;16;Nonnast;J�rgen;F1.454;;WAHR;IT;;WS1516;1;4;4;
1053007-SWB;3;SWB;Datenbanken 1 ;P;4;4;IT;IT;;1084;LB Seiter;J�rg;;;FALSCH;IT;Nonnast;WS1516;1;0;0;
1053007-SWB;3;SWB;Datenbanken 1 ;P;4;4;IT;IT;;1121;LB Fernandes;Marc;;;FALSCH;IT;;SS15;1;0;0;
1053007-SWB;3;SWB;Datenbanken 1 ;P;4;4;IT;IT;;1121;LB Fernandes;Marc;;;FALSCH;IT;;WS1415;2;0;0;
1053007-SWB;3;SWB;Datenbanken 1 ;P;4;4;IT;IT;;1121;LB Fernandes;Marc;;;FALSCH;IT;;WS1516;1;0;0;
1053007-SWB;3;SWB;Datenbanken 1 ;P;4;4;IT;IT;;1205;LB Teufel;Ulrich;;;FALSCH;IT;Nonnast;WS1415;1;4;4;
1053007-WKB;3;WKB;Datenbanken 1;P;3;4;GS;IT;;1072;Schoop;Dominik;F 1.3;;WAHR;GS;;SS15;1;0;0;
1053007-WKB;3;WKB;Datenbanken 1;P;3;4;IT;IT;;16;Nonnast;J�rgen;F1.454;;WAHR;IT;;SS15;1;0;0;
1053007-WKB;3;WKB;Datenbanken 1;P;3;4;IT;IT;;16;Nonnast;J�rgen;F1.454;;WAHR;IT;;WS1516;1;0;0;
1053007-WKB;3;WKB;Datenbanken 1;P;3;4;IT;IT;;1084;LB Seiter;J�rg;;;FALSCH;IT;Nonnast;WS1516;1;0;0;
1053007-WKB;3;WKB;Datenbanken 1;P;3;4;IT;IT;;1121;LB Fernandes;Marc;;;FALSCH;IT;;SS15;1;4;4;
1053007-WKB;3;WKB;Datenbanken 1;P;3;4;IT;IT;;1121;LB Fernandes;Marc;;;FALSCH;IT;;WS1516;1;4;4;
1053007-WKB;3;WKB;Datenbanken 1;P;3;4;IT;IT;;1205;LB Teufel;Ulrich;;;FALSCH;IT;Nonnast;WS1415;1;4;4;
1053008-MIB;3;MIB;Rechnernetze ;P;4;4;IT;IT;;21;Zieher;Martin;F1.354;;WAHR;IT;;SS15;0;4;4;
1053008-SWB;3;SWB;Rechnernetze;P;4;4;IT;IT;;21;Zieher;Martin;F1.354;;WAHR;IT;;SS15;4;4;4;
1053008-SWB;3;SWB;Rechnernetze;P;4;4;IT;IT;;21;Zieher;Martin;F1.354;;WAHR;IT;;WS1415;4;4;4;
1053008-SWB;3;SWB;Rechnernetze;P;4;4;IT;IT;;21;Zieher;Martin;F1.354;;WAHR;IT;;WS1516;2;4;4;gekoppelt mit WKB3
1053008-TIB;3;TIB;Rechnernetze;P;1;2;IT;IT;;15;Melcher;Harald;F1.457;;WAHR;IT;;WS1415;2;4;4;
1053008-TIB;3;TIB;Rechnernetze;P;1;2;IT;IT;;21;Zieher;Martin;F1.354;;WAHR;IT;;WS1516;2;4;4;SWB3+TIB3
1053008-WKB;3;WKB;Rechnernetze;P;1;2;GS;IT;;1072;Schoop;Dominik;F 1.3;;WAHR;GS;;WS1415;4;4;4;
1053008-WKB;3;WKB;Rechnernetze;P;1;2;IT;IT;;15;Melcher;Harald;F1.457;;WAHR;IT;;SS15;4;4;4;
1053008-WKB;3;WKB;Rechnernetze;P;1;2;IT;IT;;15;Melcher;Harald;F1.457;;WAHR;IT;;WS1516;1;4;4;
1053008-WKB;3;WKB;Rechnernetze;P;1;2;IT;IT;;21;Zieher;Martin;F1.354;;WAHR;IT;;SS15;2;4;4;
1053009-MIB;3;MIB;Labor Rechnernetze;P;1;2;IT;IT;;21;Zieher;Martin;F1.354;;WAHR;IT;;SS15;0;1;2;
1053009-SWB;3;SWB;Labor Rechnernetze;P;1;2;IT;IT;;21;Zieher;Martin;F1.354;;WAHR;IT;;SS15;1;1;2;
1053009-SWB;3;SWB;Labor Rechnernetze;P;1;2;IT;IT;;21;Zieher;Martin;F1.354;;WAHR;IT;;WS1415;2;1;2;
1053009-SWB;3;SWB;Labor Rechnernetze;P;1;2;IT;IT;;21;Zieher;Martin;F1.354;;WAHR;IT;;WS1516;1;1;2;
1053009-TIB;3;TIB;Labor Rechnernetze;P;4;4;IT;IT;;21;Zieher;Martin;F1.354;;WAHR;IT;;SS15;1;1;2;
1053009-TIB;3;TIB;Labor Rechnernetze;P;4;4;IT;IT;;21;Zieher;Martin;F1.354;;WAHR;IT;;WS1415;1;1;2;
1053009-TIB;3;TIB;Labor Rechnernetze;P;4;4;IT;IT;;21;Zieher;Martin;F1.354;;WAHR;IT;;WS1516;1;1;2;
1053009-WKB;3;WKB;Labor Rechnernetze;P;1;2;IT;IT;;21;Zieher;Martin;F1.354;;WAHR;IT;;SS15;2;1;2;
1053009-WKB;3;WKB;Labor Rechnernetze;P;1;2;IT;IT;;21;Zieher;Martin;F1.354;;WAHR;IT;;WS1415;2;1;2;
1053009-WKB;3;WKB;Labor Rechnernetze;P;1;2;IT;IT;;21;Zieher;Martin;F1.354;;WAHR;IT;;WS1516;1;1;2;
1053010-MIB;3;MIB;Internet-Technologien;P;4;4;IT;IT;;1079;R��ler;Andreas;;;WAHR;IT;;SS15;0;3;4;
1053010-SWB;3;SWB;Internet-Technologien;P;4;4;IT;IT;;15;Melcher;Harald;F1.457;;WAHR;IT;;SS15;4;4;4;
1053010-SWB;3;SWB;Internet-Technologien;P;4;4;IT;IT;;15;Melcher;Harald;F1.457;;WAHR;IT;;WS1415;2;3;4;
1053010-SWB;3;SWB;Internet-Technologien;P;4;4;IT;IT;;15;Melcher;Harald;F1.457;;WAHR;IT;;WS1516;2;4;4;zusammen mit WK4
1053010-WKB;4;WKB;Internet-Technologien;P;3;4;IT;IT;;15;Melcher;Harald;F1.457;;WAHR;IT;;SS15;1;3;4;
1053010-WKB;4;WKB;Internet-Technologien;P;3;4;IT;IT;;15;Melcher;Harald;F1.457;;WAHR;IT;;WS1415;2;3;4;
1053010-WKB;4;WKB;Internet-Technologien;P;3;4;IT;IT;;15;Melcher;Harald;F1.457;;WAHR;IT;;WS1516;0;3;4;gekoppelt SWB 3. Semester
1053011-MIB;3;MIB;Labor Internettechnologien ;P;1;2;IT;IT;;1079;R��ler;Andreas;;;WAHR;IT;;SS15;0;1;2;
1053011-SWB;3;SWB;Labor Internettechnologien ;P;1;2;IT;IT;;15;Melcher;Harald;F1.457;;WAHR;IT;;SS15;1;1;2;
1053011-SWB;3;SWB;Labor Internettechnologien ;P;1;2;IT;IT;;15;Melcher;Harald;F1.457;;WAHR;IT;;WS1415;1;1;2;
1053011-SWB;3;SWB;Labor Internettechnologien ;P;1;2;IT;IT;;15;Melcher;Harald;F1.457;;WAHR;IT;;WS1516;1;1;2;
1053011-WKB;3;WKB;Labor Internettechnologien;P;1;2;IT;IT;;15;Melcher;Harald;F1.457;;WAHR;IT;;SS15;1;1;2;
1053011-WKB;3;WKB;Labor Internettechnologien;P;1;2;IT;IT;;15;Melcher;Harald;F1.457;;WAHR;IT;;WS1415;2;1;2;
1053011-WKB;3;WKB;Labor Internettechnologien;P;1;2;IT;IT;;15;Melcher;Harald;F1.457;;WAHR;IT;;WS1516;2;1;2;
1053012-MIB;3;MIB;Algorithmen und Datenstrukturen;P;3;4;G;IT;;0;Service G;;;;WAHR;G;;WS1415;0;4;4;
1053012-SWB;3;SWB;Algorithmen und Datenstrukturen;P;3;4;IT;IT;;3;Dausmann;Manfred;F1.319;;WAHR;IT;;SS15;4;4;4;
1053012-SWB;3;SWB;Algorithmen und Datenstrukturen;P;3;4;IT;IT;;3;Dausmann;Manfred;F1.319;;WAHR;IT;;WS1415;4;4;4;
1053012-SWB;3;SWB;Algorithmen und Datenstrukturen;P;3;4;IT;IT;;3;Dausmann;Manfred;F1.319;;WAHR;IT;;WS1516;4;4;4;
1053012-WKB;4;WKB;Algorithmen und Datenstrukturen;P;4;4;G;IT;;0;Service G;;;;WAHR;G;;SS15;2;4;4;
1053012-WKB;4;WKB;Algorithmen und Datenstrukturen;P;4;4;G;IT;;0;Service G;;;;WAHR;G;;WS1516;4;4;4;
1053012-WKB;4;WKB;Algorithmen und Datenstrukturen;P;4;4;IT;IT;;3;Dausmann;Manfred;F1.319;;WAHR;IT;;SS15;2;0;0;
1053012-WKB;4;WKB;Algorithmen und Datenstrukturen;P;4;4;IT;IT;;999;IT-Prof;�;F 1.3;;WAHR;IT;;WS1415;0;4;4;
1053013-TIB;3;TIB;Signale und Systeme;P;1;2;IT;IT;;7;H�fer;Karlheinz;F1.452;;WAHR;IT;;SS15;4;4;4;
1053013-TIB;3;TIB;Signale und Systeme;P;1;2;IT;IT;;7;H�fer;Karlheinz;F1.452;;WAHR;IT;;WS1415;4;4;4;
1053013-TIB;3;TIB;Signale und Systeme;P;1;2;IT;IT;;7;H�fer;Karlheinz;F1.452;;WAHR;IT;;WS1516;4;4;4;
1053014-TIB;3;TIB;Labor Signale und Systeme;P;1;2;IT;IT;;7;H�fer;Karlheinz;F1.452;;WAHR;IT;;SS15;2;1;2;
1053014-TIB;3;TIB;Labor Signale und Systeme;P;1;2;IT;IT;;7;H�fer;Karlheinz;F1.452;;WAHR;IT;;WS1415;1;1;2;
1053014-TIB;3;TIB;Labor Signale und Systeme;P;1;2;IT;IT;;7;H�fer;Karlheinz;F1.452;;WAHR;IT;;WS1516;2;1;2;
1053015-TIB;3;TIB;Digitaltechnik 2;P;3;4;IT;IT;;1022;Lindermeir;Walter Matthias;F1.451;;WAHR;IT;;SS15;3;3;4;
1053015-TIB;3;TIB;Digitaltechnik 2;P;3;4;IT;IT;;1022;Lindermeir;Walter Matthias;F1.451;;WAHR;IT;;WS1415;3;3;4;
1053015-TIB;3;TIB;Digitaltechnik 2;P;3;4;IT;IT;;1022;Lindermeir;Walter Matthias;F1.451;;WAHR;IT;;WS1516;3;3;4;
1053016-TIB;3;TIB;Labor Digitaltechnik 2;P;5;6;IT;IT;;1022;Lindermeir;Walter Matthias;F1.451;;WAHR;IT;;SS15;2,5;2;2;
1053016-TIB;3;TIB;Labor Digitaltechnik 2;P;5;6;IT;IT;;1022;Lindermeir;Walter Matthias;F1.451;;WAHR;IT;;WS1415;2,5;2;2;
1053016-TIB;3;TIB;Labor Digitaltechnik 2;P;5;6;IT;IT;;1022;Lindermeir;Walter Matthias;F1.451;;WAHR;IT;;WS1516;2;2;2;
1053016-TIB;3;TIB;Labor Digitaltechnik 2;P;5;6;IT;IT;;1105;Marchthaler;Reiner;;;WAHR;IT;;SS15;1,5;0;0;
1053016-TIB;3;TIB;Labor Digitaltechnik 2;P;5;6;IT;IT;;1105;Marchthaler;Reiner;;;WAHR;IT;;WS1415;1,5;0;0;
1053016-TIB;3;TIB;Labor Digitaltechnik 2;P;5;6;IT;IT;;1105;Marchthaler;Reiner;;;WAHR;IT;;WS1516;2;0;0;
1053017-TIB;3;TIB;Elektronik;P;4;4;IT;IT;;86;Malz;Reinhard;F1.453;;WAHR;IT;;SS15;3;4;4;
1053017-TIB;3;TIB;Elektronik;P;4;4;IT;IT;;86;Malz;Reinhard;F1.453;;WAHR;IT;;WS1415;3;4;4;
1053017-TIB;3;TIB;Elektronik;P;4;4;IT;IT;;86;Malz;Reinhard;F1.453;;WAHR;IT;;WS1516;4;4;4;
1053017-TIB;3;TIB;Elektronik;P;4;4;IT;IT;;1118;LB Wahl;Steffen;;;FALSCH;IT;Marchthaler;SS15;1;0;0;
1053017-TIB;3;TIB;Elektronik;P;4;4;IT;IT;;1118;LB Wahl;Steffen;;;FALSCH;IT;Marchthaler;WS1415;1;0;0;
1053018-TIB;3;TIB;Labor Elektronik;P;4;4;IT;IT;;86;Malz;Reinhard;F1.453;;WAHR;IT;;WS1516;1;1;2;
1053018-TIB;3;TIB;Labor Elektronik;P;4;4;IT;IT;;1118;LB Wahl;Steffen;;;FALSCH;IT;Marchthaler;SS15;1;1;2;
1053018-TIB;3;TIB;Labor Elektronik;P;4;4;IT;IT;;1118;LB Wahl;Steffen;;;FALSCH;IT;Marchthaler;WS1415;2;1;2;
1053019-TIB;3;TIB;Mathematik 3;P;2;2;G;IT;;0;Service G;;;;WAHR;G;;SS15;5;5;6;
1053019-TIB;3;TIB;Mathematik 3;P;2;2;G;IT;;0;Service G;;;;WAHR;G;;WS1415;5;5;6;
1053019-TIB;3;TIB;Mathematik 3;P;2;2;G;IT;;0;Service G;;;;WAHR;G;;WS1516;5;5;6;
1053020-MIB;4;MIB;Betriebswirtschaftslehre;P;4;4;IT;IT;;999;IT-Prof;�;F 1.3;;WAHR;IT;;WS1415;0;4;4;
1053020-MIB;4;MIB;Betriebswirtschaftslehre;P;4;4;IT;IT;;1074;LB B�hler," M.;Martin;;;FALSCH;IT;Schmidt;SS15;0;0;4;"
1053020-SWB;4;SWB;Betriebswirtschaftslehre;P;4;4;IT;IT;;999;IT-Prof;�;F 1.3;;WAHR;IT;;WS1415;0;4;4;
1053020-SWB;4;SWB;Betriebswirtschaftslehre;P;4;4;IT;IT;;1074;LB B�hler," M.;Martin;;;FALSCH;IT;Schmidt;WS1516;4;2;4;"
1053020-SWB;4;SWB;Betriebswirtschaftslehre;P;4;4;IT;IT;;1199;LB Hagen;Cosima;;;FALSCH;IT;Schmidt;SS15;2;2;4;
1053020-TIB;3;TIB;Betriebswirtschaftslehre;P;4;4;IT;IT;;1076;LB Feil;Frank;;Fr 5.+6. Stunde;FALSCH;IT;Schmidt;SS15;2;4;4;
1053020-TIB;3;TIB;Betriebswirtschaftslehre;P;4;4;IT;IT;;1076;LB Feil;Frank;;Fr 5.+6. Stunde;FALSCH;IT;Schmidt;WS1415;1;4;4;
1053020-TIB;3;TIB;Betriebswirtschaftslehre;P;4;4;IT;IT;;1199;LB Hagen;Cosima;;;FALSCH;IT;Schmidt;WS1516;4;4;4;
1053021-MIB;4;MIB;Projektmanagement ;P;1;2;IT;IT;;999;IT-Prof;�;F 1.3;;WAHR;IT;;WS1415;0;1;2;
1053021-MIB;4;MIB;Projektmanagement ;P;1;2;IT;IT;;1149;LB Roux;Manfred;;;FALSCH;IT;;SS15;0;0;4;
1053021-SWB;4;SWB;Projektmanagement;P;1;2;IT;IT;;999;IT-Prof;�;F 1.3;;WAHR;IT;;WS1415;0;1;2;
1053021-SWB;4;SWB;Projektmanagement;P;1;2;IT;IT;;1149;LB Roux;Manfred;;;FALSCH;IT;;SS15;0,5;1;2;
1053021-SWB;4;SWB;Projektmanagement;P;1;2;IT;IT;;1211;LB Steudele;Holger;;;FALSCH;IT;R��ler;WS1516;0,5;1;2;
1053021-TIB;3;TIB;Projektmanagement;P;1;2;IT;IT;;1149;LB Roux;Manfred;;;FALSCH;IT;;SS15;0,5;1;2;
1053021-TIB;3;TIB;Projektmanagement;P;1;2;IT;IT;;1149;LB Roux;Manfred;;;FALSCH;IT;;WS1415;1;1;2;
1053021-TIB;3;TIB;Projektmanagement;P;1;2;IT;IT;;1211;LB Steudele;Holger;;;FALSCH;IT;R��ler;WS1516;0,5;1;2;
1053022-WKB;3;WKB;Gesch�ftsprozesse 1;P;4;4;IT;IT;;1146;LB M�ller," A.;Axel;;;FALSCH;IT;;SS15;3;3;4;"
1053022-WKB;3;WKB;Gesch�ftsprozesse 1;P;4;4;IT;IT;;1146;LB M�ller," A.;Axel;;;FALSCH;IT;;WS1516;3;3;4;"
1053022-WKB;3;WKB;Gesch�ftsprozesse 1;P;4;4;IT;IT;;1201;LB M�ller-Matthias;Matthias;;;FALSCH;IT;Hesse;WS1415;3;3;4;LB Matthias M�ller
1053023-WKB;3;WKB;Labor Gesch�ftsprozesse 1;P;1;2;IT;IT;;1146;LB M�ller," A.;Axel;;;FALSCH;IT;;SS15;1;1;2;"
1053023-WKB;3;WKB;Labor Gesch�ftsprozesse 1;P;1;2;IT;IT;;1146;LB M�ller," A.;Axel;;;FALSCH;IT;;WS1516;1;1;2;"
1053023-WKB;3;WKB;Labor Gesch�ftsprozesse 1;P;1;2;IT;IT;;1201;LB M�ller-Matthias;Matthias;;;FALSCH;IT;Hesse;WS1415;2;1;2;LB Matthias M�ller
10530242-WKB;3;WKB;Finanzwesen;P;2;2;IT;IT;;1013;LB nn;;;;FALSCH;IT;;WS1415;2;2;2;LB M�rtlbauer
10530242-WKB;3;WKB;Finanzwesen;P;2;2;IT;IT;;1198;LB M�rtlbauer;Angelika;;;FALSCH;IT;Hesse;SS15;2;2;2;
10530242-WKB;3;WKB;Finanzwesen;P;2;2;IT;IT;;1198;LB M�rtlbauer;Angelika;;;FALSCH;IT;Hesse;WS1516;2;2;2;
1053024-WKB;3;WKB;Rechnungswesen 2;P;3;4;IT;IT;;1198;LB M�rtlbauer;Angelika;;;FALSCH;IT;Hesse;SS15;2;2;2;
1053024-WKB;3;WKB;Rechnungswesen 2;P;3;4;IT;IT;;1198;LB M�rtlbauer;Angelika;;;FALSCH;IT;Hesse;WS1415;3;2;2;LB M�rtlbauer
1053024-WKB;3;WKB;Rechnungswesen 2;P;3;4;IT;IT;;1198;LB M�rtlbauer;Angelika;;;FALSCH;IT;Hesse;WS1516;2;2;2;
1053025-WKB;3;WKB;Labor Rechnungswesen 2;P;1;2;IT;IT;;1198;LB M�rtlbauer;Angelika;;;FALSCH;IT;Hesse;SS15;1;1;2;
1053025-WKB;3;WKB;Labor Rechnungswesen 2;P;1;2;IT;IT;;1198;LB M�rtlbauer;Angelika;;;FALSCH;IT;Hesse;WS1415;2;1;2;LB M�rtlbauer
1053025-WKB;3;WKB;Labor Rechnungswesen 2;P;1;2;IT;IT;;1198;LB M�rtlbauer;Angelika;;;FALSCH;IT;Hesse;WS1516;1;1;2;
1053028-MIB;3;MIB;Labor Datenbanken 1 ;P;1;2;GS;IT;;1072;Schoop;Dominik;F 1.3;;WAHR;GS;;SS15;0;1;2;
1053028-SWB;3;SWB;Labor Datenbanken 1 ;P;1;2;IT;IT;;16;Nonnast;J�rgen;F1.454;;WAHR;IT;;WS1415;1;1;2;
1053028-WKB;3;WKB;Labor Datenbanken 1;P;3;4;IT;IT;;16;Nonnast;J�rgen;F1.454;;WAHR;IT;;WS1415;1;0;0;
1053028-WKB;3;WKB;Labor Datenbanken 1;P;3;4;IT;IT;;1121;LB Fernandes;Marc;;;FALSCH;IT;;WS1415;2;1;2;
1053029-SWB;3;SWB;Objektorientierte Systeme 2;P;3;4;IT;IT;;1035;Warendorf;Kai;F1.352;;WAHR;IT;;WS1516;4;4;4;
1053029-SWB;3;SWB;Objektorientierte Systeme 2;P;3;4;IT;IT;;1119;Gro�;Hans-Gerhard;;;WAHR;IT;;SS15;4;4;4;
1053030-SWB;3;SWB;Labor Objektorientierte Systeme 2;P;1;2;IT;IT;;1035;Warendorf;Kai;F1.352;;WAHR;IT;;WS1516;1;1;2;
1053030-SWB;3;SWB;Labor Objektorientierte Systeme 2;P;1;2;IT;IT;;1119;Gro�;Hans-Gerhard;;;WAHR;IT;;SS15;1;1;2;
1053030-SWB;3;SWB;Labor Objektorientierte Systeme 2;P;1;2;IT;IT;;1174;LB Koller;Micha;;;FALSCH;IT;;WS1415;2;0;0;
1054001-MIB;4;MIB;Computergrafik ;P;4;4;IT;IT;;17;Schmidt;Reinhard;F1.419;;WAHR;IT;;SS15;3;3;4;
1054001-MIB;4;MIB;Computergrafik ;P;4;4;IT;IT;;17;Schmidt;Reinhard;F1.419;;WAHR;IT;;WS1516;3;3;4;
1054001-MIB;4;MIB;Computergrafik ;P;4;4;IT;IT;;999;IT-Prof;�;F 1.3;;WAHR;IT;;WS1415;0;3;4;
1054002-MIB;4;MIB;Labor Computergrafik ;P;1;2;IT;IT;;999;IT-Prof;�;F 1.3;;WAHR;IT;;WS1415;0;1;2;
1054002-MIB;4;MIB;Labor Computergrafik ;P;1;2;IT;IT;;1130;LB Berg;Oliver;;;FALSCH;IT;;SS15;1;1;4;
1054002-MIB;4;MIB;Labor Computergrafik ;P;1;2;IT;IT;;1130;LB Berg;Oliver;;;FALSCH;IT;;WS1516;1;1;4;
1054003-SWB;4;SWB;Computerarchitektur ;P;4;4;IT;IT;;22;Zimmermann;Werner;F1.351;;WAHR;IT;;SS15;0;4;4;
1054003-SWB;4;SWB;Computerarchitektur ;P;4;4;IT;IT;;22;Zimmermann;Werner;F1.351;;WAHR;IT;;WS1516;2;4;4;
1054003-SWB;4;SWB;Computerarchitektur ;P;4;4;IT;IT;;999;IT-Prof;�;F 1.3;;WAHR;IT;;WS1415;0;4;4;
1054003-TIB;4;TIB;Computerarchitektur;P;4;4;IT;IT;;22;Zimmermann;Werner;F1.351;;WAHR;IT;;SS15;4;4;4;
1054003-TIB;4;TIB;Computerarchitektur;P;4;4;IT;IT;;22;Zimmermann;Werner;F1.351;;WAHR;IT;;WS1516;2;4;4;
1054003-TIB;4;TIB;Computerarchitektur;P;4;4;IT;IT;;999;IT-Prof;�;F 1.3;;WAHR;IT;;WS1415;0;4;4;
1054004-SWB;4;SWB;Labor Computerarchitektur ;P;3;4;IT;IT;;34;LB Redmers;Armin;;Mo 5.+6. Stunde;FALSCH;IT;Zimmermann;SS15;1;1;2;
1054004-SWB;4;SWB;Labor Computerarchitektur ;P;3;4;IT;IT;;34;LB Redmers;Armin;;Mo 5.+6. Stunde;FALSCH;IT;Zimmermann;WS1516;1;1;2;
1054004-SWB;4;SWB;Labor Computerarchitektur ;P;3;4;IT;IT;;999;IT-Prof;�;F 1.3;;WAHR;IT;;WS1415;0;1;2;
1054004-TIB;4;TIB;Labor Computerarchitektur;P;3;4;IT;IT;;35;LB Haag;Roland;;Mo 5.+6. Stunde;FALSCH;IT;Zimmermann;SS15;1;1;2;
1054004-TIB;4;TIB;Labor Computerarchitektur;P;3;4;IT;IT;;35;LB Haag;Roland;;Mo 5.+6. Stunde;FALSCH;IT;Zimmermann;WS1516;1;1;2;
1054004-TIB;4;TIB;Labor Computerarchitektur;P;3;4;IT;IT;;999;IT-Prof;�;F 1.3;;WAHR;IT;;WS1415;0;1;2;
1054005-MIB;4;MIB;Projektarbeit ;P;8;0;IT;IT;;17;Schmidt;Reinhard;F1.419;;WAHR;IT;;SS15;1;0;0;
1054005-MIB;4;MIB;Projektarbeit ;P;8;0;IT;IT;;999;IT-Prof;�;F 1.3;;WAHR;IT;;WS1415;0;0;0;
1054005-MIB;4;MIB;Projektarbeit ;P;8;0;IT;IT;;1079;R��ler;Andreas;;;WAHR;IT;;SS15;1,5;4;8;
1054005-SWB;4;SWB;Projektarbeit ;P;8;0;IT;IT;;17;Schmidt;Reinhard;F1.419;;WAHR;IT;;SS15;1;0;0;
1054005-SWB;4;SWB;Projektarbeit ;P;8;0;IT;IT;;999;IT-Prof;�;F 1.3;;WAHR;IT;;WS1415;0;0;0;
1054005-SWB;4;SWB;Projektarbeit ;P;8;0;IT;IT;;1079;R��ler;Andreas;;;WAHR;IT;;SS15;1,5;0;0;
1054005-SWB;4;SWB;Projektarbeit ;P;8;0;IT;IT;;1079;R��ler;Andreas;;;WAHR;IT;;WS1516;1;0;0;
1054005-SWB;4;SWB;Projektarbeit ;P;8;0;IT;IT;;1119;Gro�;Hans-Gerhard;;;WAHR;IT;;SS15;2;0;0;
1054005-SWB;4;SWB;Projektarbeit ;P;8;0;IT;IT;;1122;Rodach;Thomas;;;WAHR;IT;;SS15;1;0;0;
1054007-MIB;4;MIB;Softwarearchitektur;P;3;4;IT;IT;;999;IT-Prof;�;F 1.3;;WAHR;IT;;WS1415;0;3;4;
1054007-SWB;4;SWB;Softwarearchitektur;P;3;4;IT;IT;;999;IT-Prof;�;F 1.3;;WAHR;IT;;WS1415;0;3;4;
1054007-SWB;4;SWB;Softwarearchitektur;P;3;4;IT;IT;;1053;Friedrich;J�rg;;;WAHR;IT;;WS1516;0;3;4;Gekoppelt mit TIB4
1054007-SWB;4;SWB;Softwarearchitektur;P;3;4;IT;IT;;1119;Gro�;Hans-Gerhard;;;WAHR;IT;;SS15;4;3;4;
1054007-TIB;4;TIB;Softwarearchitektur;P;3;4;IT;IT;;999;IT-Prof;�;F 1.3;;WAHR;IT;;WS1415;0;3;4;
1054007-TIB;4;TIB;Softwarearchitektur;P;3;4;IT;IT;;1053;Friedrich;J�rg;;;WAHR;IT;;WS1516;0;3;4;Gekoppelt mit SWB4
1054007-TIB;4;TIB;Softwarearchitektur;P;3;4;IT;IT;;1119;Gro�;Hans-Gerhard;;;WAHR;IT;;SS15;0,5;3;4;
1054007-WKB;4;WKB;Softwarearchitektur;P;3;4;IT;IT;;999;IT-Prof;�;F 1.3;;WAHR;IT;;WS1415;0;3;4;
1054007-WKB;4;WKB;Softwarearchitektur;P;3;4;IT;IT;;1053;Friedrich;J�rg;;;WAHR;IT;;WS1516;1;3;4;
1054007-WKB;4;WKB;Softwarearchitektur;P;3;4;IT;IT;;1119;Gro�;Hans-Gerhard;;;WAHR;IT;;SS15;0,5;3;4;
1054008-MIB;4;MIB;Labor Softwarearchitektur;P;1;2;IT;IT;;999;IT-Prof;�;F 1.3;;WAHR;IT;;WS1415;0;1;2;
1054008-SWB;4;SWB;Labor Softwarearchitektur;P;1;2;IT;IT;;999;IT-Prof;�;F 1.3;;WAHR;IT;;WS1415;0;1;2;
1054008-SWB;4;SWB;Labor Softwarearchitektur;P;1;2;IT;IT;;1053;Friedrich;J�rg;;;WAHR;IT;;WS1516;0,34;1;2;
1054008-SWB;4;SWB;Labor Softwarearchitektur;P;1;2;IT;IT;;1119;Gro�;Hans-Gerhard;;;WAHR;IT;;SS15;0,34;1;2;
1054008-TIB;4;TIB;Labor Softwarearchitektur;P;1;2;IT;IT;;999;IT-Prof;�;F 1.3;;WAHR;IT;;WS1415;0;1;2;
1054008-TIB;4;TIB;Labor Softwarearchitektur;P;1;2;IT;IT;;1053;Friedrich;J�rg;;;WAHR;IT;;WS1516;0,33;1;2;
1054008-TIB;4;TIB;Labor Softwarearchitektur;P;1;2;IT;IT;;1119;Gro�;Hans-Gerhard;;;WAHR;IT;;SS15;0,33;1;2;
1054008-WKB;4;WKB;Labor Softwarearchitektur;P;1;2;IT;IT;;999;IT-Prof;�;F 1.3;;WAHR;IT;;WS1415;0;1;2;
1054008-WKB;4;WKB;Labor Softwarearchitektur;P;1;2;IT;IT;;1053;Friedrich;J�rg;;;WAHR;IT;;WS1516;0,33;1;2;
1054008-WKB;4;WKB;Labor Softwarearchitektur;P;1;2;IT;IT;;1119;Gro�;Hans-Gerhard;;;WAHR;IT;;SS15;0,33;1;2;
1054009-TIB;4;TIB;Systemtechnik 1;P;4;4;IT;IT;;999;IT-Prof;�;F 1.3;;WAHR;IT;;WS1415;0;4;4;
105400x-MIB;4;MIB;Projek Mediengestaltung;P;4;0;IT;IT;;1194;LB Siegmund;Oliver;;;FALSCH;IT;Schmidt;SS15;2;4;4;
105400x-MIB;4;MIB;Projek Mediengestaltung;P;4;0;IT;IT;;1194;LB Siegmund;Oliver;;;FALSCH;IT;Schmidt;WS1516;2;4;4;
105400x-MIB;4;MIB;Projek Mediengestaltung;P;4;0;IT;IT;;1195;LB Fischbein;Vitali;;;FALSCH;IT;Schmidt;SS15;2;0;0;
105400x-MIB;4;MIB;Projek Mediengestaltung;P;4;0;IT;IT;;1195;LB Fischbein;Vitali;;;FALSCH;IT;Schmidt;WS1516;2;0;0;
1054010-TIB;4;TIB;Labor Systemtechnik 1;P;4;4;IT;IT;;999;IT-Prof;�;F 1.3;;WAHR;IT;;WS1415;0;1;2;
1054011-TIB;4;TIB;Echtzeitsysteme;P;2;2;IT;IT;;999;IT-Prof;�;F 1.3;;WAHR;IT;;WS1415;0;3;4;
1054011-TIB;4;TIB;Echtzeitsysteme;P;2;2;IT;IT;;1053;Friedrich;J�rg;;;WAHR;IT;;SS15;3;3;4;
1054011-TIB;4;TIB;Echtzeitsysteme;P;2;2;IT;IT;;1053;Friedrich;J�rg;;;WAHR;IT;;WS1516;3;3;4;
1054012-TIB;4;TIB;Projekt Echtzeitsysteme;P;1;2;IT;IT;;999;IT-Prof;�;F 1.3;;WAHR;IT;;WS1415;0;2;2;
1054012-TIB;4;TIB;Projekt Echtzeitsysteme;P;1;2;IT;IT;;1053;Friedrich;J�rg;;;WAHR;IT;;SS15;2;2;2;
1054012-TIB;4;TIB;Projekt Echtzeitsysteme;P;1;2;IT;IT;;1053;Friedrich;J�rg;;;WAHR;IT;;WS1516;2;2;2;
1054013-TIB;4;TIB;Sensoren und Aktoren;P;3;4;IT;IT;;86;Malz;Reinhard;F1.453;;WAHR;IT;;SS15;2;3;4;
1054013-TIB;4;TIB;Sensoren und Aktoren;P;3;4;IT;IT;;86;Malz;Reinhard;F1.453;;WAHR;IT;;WS1516;2;3;4;
1054013-TIB;4;TIB;Sensoren und Aktoren;P;3;4;IT;IT;;999;IT-Prof;�;F 1.3;;WAHR;IT;;WS1415;0;3;4;
1054014-TIB;4;TIB;Labor Sensoren und Aktoren;P;1;2;IT;IT;;86;Malz;Reinhard;F1.453;;WAHR;IT;;SS15;0,5;1;2;
1054014-TIB;4;TIB;Labor Sensoren und Aktoren;P;1;2;IT;IT;;86;Malz;Reinhard;F1.453;;WAHR;IT;;WS1516;0,5;1;2;
1054014-TIB;4;TIB;Labor Sensoren und Aktoren;P;1;2;IT;IT;;999;IT-Prof;�;F 1.3;;WAHR;IT;;WS1415;0;1;2;
1054015-WKB;4;WKB;Gesch�ftsprozesse 2;P;4;4;IT;IT;;999;IT-Prof;�;F 1.3;;WAHR;IT;;WS1415;0;3;4;
1054015-WKB;4;WKB;Gesch�ftsprozesse 2;P;4;4;IT;IT;;1122;Rodach;Thomas;;;WAHR;IT;;SS15;3;4;4;
1054015-WKB;4;WKB;Gesch�ftsprozesse 2;P;4;4;IT;IT;;1122;Rodach;Thomas;;;WAHR;IT;;WS1516;3;4;4;
1054016-WKB;4;WKB;Labor Gesch�ftsprozesse 2;P;3;4;IT;IT;;999;IT-Prof;�;F 1.3;;WAHR;IT;;WS1415;0;1;2;
1054016-WKB;4;WKB;Labor Gesch�ftsprozesse 2;P;3;4;IT;IT;;1122;Rodach;Thomas;;;WAHR;IT;;SS15;1;1;2;
1054016-WKB;4;WKB;Labor Gesch�ftsprozesse 2;P;3;4;IT;IT;;1122;Rodach;Thomas;;;WAHR;IT;;WS1516;1;1;2;
1054017-WKB;4;WKB;IT-Services;P;3;4;IT;IT;;999;IT-Prof;�;F 1.3;;WAHR;IT;;WS1415;0;4;4;
1054017-WKB;4;WKB;IT-Services;P;3;4;IT;IT;;1188;LB Weber;Hannelore;;;FALSCH;IT;;SS15;4;4;4;
1054017-WKB;4;WKB;IT-Services;P;3;4;IT;IT;;1188;LB Weber;Hannelore;;;FALSCH;IT;;WS1516;4;4;4;
1054018-WKB;4;WKB;Datenbanken 2;P;3;4;IT;IT;;999;IT-Prof;�;F 1.3;;WAHR;IT;;WS1415;0;3;4;
1054018-WKB;4;WKB;Datenbanken 2;P;3;4;IT;IT;;1125;Hesse;Dirk;;;WAHR;IT;;SS15;3;3;4;
1054018-WKB;4;WKB;Datenbanken 2;P;3;4;IT;IT;;1125;Hesse;Dirk;;;WAHR;IT;;WS1516;3;3;4;
1054019-WKB;4;WKB;Labor Datenbanken 2;P;3;4;IT;IT;;999;IT-Prof;�;F 1.3;;WAHR;IT;;WS1415;0;1;2;
1054019-WKB;4;WKB;Labor Datenbanken 2;P;3;4;IT;IT;;1125;Hesse;Dirk;;;WAHR;IT;;SS15;1;1;2;
1054019-WKB;4;WKB;Labor Datenbanken 2;P;3;4;IT;IT;;1125;Hesse;Dirk;;;WAHR;IT;;WS1516;2;1;2;
1054029-TIB;4;TIB;Regelungstechnik 1;P;4;4;IT;IT;;22;Zimmermann;Werner;F1.351;;WAHR;IT;;SS15;4;4;4;
1054029-TIB;4;TIB;Regelungstechnik 1;P;4;4;IT;IT;;22;Zimmermann;Werner;F1.351;;WAHR;IT;;WS1516;4;4;4;
1054030-TIB;4;TIB;Labor Regelungstechnik 1;P;4;4;IT;IT;;22;Zimmermann;Werner;F1.351;;WAHR;IT;;SS15;2;1;2;
1054030-TIB;4;TIB;Labor Regelungstechnik 1;P;4;4;IT;IT;;22;Zimmermann;Werner;F1.351;;WAHR;IT;;WS1516;1;1;2;
1055001-MIB;5;MIB;Ingenieursmethodiken ;P;1;4;IT;IT;;999;IT-Prof;�;F 1.3;;WAHR;IT;;SS15;0;3;4;
1055001-MIB;5;MIB;Ingenieursmethodiken ;P;1;4;IT;IT;;999;IT-Prof;�;F 1.3;;WAHR;IT;;WS1415;0;3;4;
1055001-MIB;5;MIB;Ingenieursmethodiken ;P;1;4;IT;IT;;999;IT-Prof;�;F 1.3;;WAHR;IT;;WS1516;0;3;4;
1055001-SWB;5;SWB;Ingenieursmethodiken;P;1;4;IT;IT;;3;Dausmann;Manfred;F1.319;;WAHR;IT;;SS15;2;0;0;
1055001-SWB;5;SWB;Ingenieursmethodiken;P;1;4;IT;IT;;3;Dausmann;Manfred;F1.319;;WAHR;IT;;WS1516;1;0;0;WKB+TIB+SWB
1055001-SWB;5;SWB;Ingenieursmethodiken;P;1;4;IT;IT;;7;H�fer;Karlheinz;F1.452;;WAHR;IT;;SS15;2;0;0;
1055001-SWB;5;SWB;Ingenieursmethodiken;P;1;4;IT;IT;;999;IT-Prof;�;F 1.3;;WAHR;IT;;WS1415;0;0;0;
1055001-SWB;5;SWB;Ingenieursmethodiken;P;1;4;IT;IT;;1023;Keller;Reinhard;;;WAHR;IT;;SS15;1;0;0;
1055001-SWB;5;SWB;Ingenieursmethodiken;P;1;4;IT;IT;;1023;Keller;Reinhard;;;WAHR;IT;;WS1516;1;0;0;WKB+TIB+SWB
1055001-SWB;5;SWB;Ingenieursmethodiken;P;1;4;IT;IT;;1119;Gro�;Hans-Gerhard;;;WAHR;IT;;WS1516;1;0;0;WKB+TIB+SWB
1055001-TIB;5;TIB;Ingenieursmethodiken;P;1;2;IT;IT;;999;IT-Prof;�;F 1.3;;WAHR;IT;;WS1415;0;3;4;
1055001-TIB;5;TIB;Ingenieursmethodiken;P;1;2;IT;IT;;1023;Keller;Reinhard;;;WAHR;IT;;SS15;1;0;0;
1055001-TIB;5;TIB;Ingenieursmethodiken;P;1;2;IT;IT;;1023;Keller;Reinhard;;;WAHR;IT;;WS1415;3;0;0;
1055001-TIB;5;TIB;Ingenieursmethodiken;P;1;2;IT;IT;;1023;Keller;Reinhard;;;WAHR;IT;;WS1516;1;0;0;WKB+TIB+SWB
1055001-TIB;5;TIB;Ingenieursmethodiken;P;1;2;IT;IT;;1053;Friedrich;J�rg;;;WAHR;IT;;WS1415;2;0;0;
1055001-TIB;5;TIB;Ingenieursmethodiken;P;1;2;IT;IT;;1105;Marchthaler;Reiner;;;WAHR;IT;;SS15;2;0;0;
1055001-TIB;5;TIB;Ingenieursmethodiken;P;1;2;IT;IT;;1105;Marchthaler;Reiner;;;WAHR;IT;;WS1516;1;0;0;WKB+TIB+SWB
1055001-WKB;5;WKB;Ingenieursmethodiken;P;1;2;IT;IT;;999;IT-Prof;�;F 1.3;;WAHR;IT;;WS1415;0;3;4;
1055001-WKB;5;WKB;Ingenieursmethodiken;P;1;2;IT;IT;;1023;Keller;Reinhard;;;WAHR;IT;;SS15;1;3;4;
1055001-WKB;5;WKB;Ingenieursmethodiken;P;1;2;IT;IT;;1023;Keller;Reinhard;;;WAHR;IT;;WS1516;1;3;4;WKB+TIB+SWB
1055002-MIB;5;MIB;Englisch ;P;4;4;IT;IT;;999;IT-Prof;�;F 1.3;;WAHR;IT;;SS15;0;1;2;
1055002-MIB;5;MIB;Englisch ;P;4;4;IT;IT;;999;IT-Prof;�;F 1.3;;WAHR;IT;;WS1415;0;1;2;
1055002-MIB;5;MIB;Englisch ;P;4;4;IT;IT;;999;IT-Prof;�;F 1.3;;WAHR;IT;;WS1516;0;1;2;
1055002-SWB;5;SWB;Englisch;P;3;4;IT;IT;;999;IT-Prof;�;F 1.3;;WAHR;IT;;SS15;0;1;2;
1055002-SWB;5;SWB;Englisch;P;3;4;IT;IT;;999;IT-Prof;�;F 1.3;;WAHR;IT;;WS1415;0;1;2;
1055002-SWB;5;SWB;Englisch;P;3;4;IT;IT;;999;IT-Prof;�;F 1.3;;WAHR;IT;;WS1516;0;1;2;
1055002-TIB;5;TIB;Englisch;P;3;4;IT;IT;;999;IT-Prof;�;F 1.3;;WAHR;IT;;WS1415;0;1;2;
1055002-WKB;5;WKB;Englisch;P;3;4;IT;IT;;999;IT-Prof;�;F 1.3;;WAHR;IT;;SS15;0;0;0;
1055002-WKB;5;WKB;Englisch;P;3;4;IT;IT;;999;IT-Prof;�;F 1.3;;WAHR;IT;;WS1415;0;0;0;
1055002-WKB;5;WKB;Englisch;P;3;4;IT;IT;;999;IT-Prof;�;F 1.3;;WAHR;IT;;WS1516;0;0;0;
1056001-MIB;6;MIB;Informationsysteme;P;3;4;IT;IT;;999;IT-Prof;�;F 1.3;;WAHR;IT;;SS15;0;3;4;
1056001-MIB;6;MIB;Informationsysteme;P;3;4;IT;IT;;999;IT-Prof;�;F 1.3;;WAHR;IT;;WS1415;0;3;4;
1056001-MIB;6;MIB;Informationsysteme;P;3;4;IT;IT;;999;IT-Prof;�;F 1.3;;WAHR;IT;;WS1516;0;3;4;
1056001-SWB;6;SWB;Informationssysteme ;P;4;4;IT;IT;;999;IT-Prof;�;F 1.3;;WAHR;IT;;SS15;0;3;4;
1056001-SWB;6;SWB;Informationssysteme ;P;4;4;IT;IT;;999;IT-Prof;�;F 1.3;;WAHR;IT;;WS1415;0;3;4;
1056001-SWB;6;SWB;Informationssysteme ;P;4;4;IT;IT;;999;IT-Prof;�;F 1.3;;WAHR;IT;;WS1516;0;3;4;
1056001-WKB;6;WKB;Informationssysteme;P;3;4;IT;IT;;999;IT-Prof;�;F 1.3;;WAHR;IT;;SS15;0;3;4;
1056001-WKB;6;WKB;Informationssysteme;P;3;4;IT;IT;;999;IT-Prof;�;F 1.3;;WAHR;IT;;WS1415;0;3;4;
1056001-WKB;6;WKB;Informationssysteme;P;3;4;IT;IT;;999;IT-Prof;�;F 1.3;;WAHR;IT;;WS1516;0;3;4;
1056002-MIB;6;MIB;Labor Informationssysteme ;P;3;4;IT;IT;;999;IT-Prof;�;F 1.3;;WAHR;IT;;SS15;0;1;2;
1056002-MIB;6;MIB;Labor Informationssysteme ;P;3;4;IT;IT;;999;IT-Prof;�;F 1.3;;WAHR;IT;;WS1415;0;1;2;
1056002-MIB;6;MIB;Labor Informationssysteme ;P;3;4;IT;IT;;999;IT-Prof;�;F 1.3;;WAHR;IT;;WS1516;0;1;2;
1056002-SWB;6;SWB;Labor Informationssysteme ;P;3;4;IT;IT;;999;IT-Prof;�;F 1.3;;WAHR;IT;;SS15;0;1;2;
1056002-SWB;6;SWB;Labor Informationssysteme ;P;3;4;IT;IT;;999;IT-Prof;�;F 1.3;;WAHR;IT;;WS1415;0;1;2;
1056002-SWB;6;SWB;Labor Informationssysteme ;P;3;4;IT;IT;;999;IT-Prof;�;F 1.3;;WAHR;IT;;WS1516;0;1;2;
1056002-WKB;6;WKB;Labor Informationssysteme;P;3;4;IT;IT;;999;IT-Prof;�;F 1.3;;WAHR;IT;;SS15;0;1;2;
1056002-WKB;6;WKB;Labor Informationssysteme;P;3;4;IT;IT;;999;IT-Prof;�;F 1.3;;WAHR;IT;;WS1415;0;1;2;
1056002-WKB;6;WKB;Labor Informationssysteme;P;3;4;IT;IT;;999;IT-Prof;�;F 1.3;;WAHR;IT;;WS1516;0;1;2;
1056003-MIB;6;MIB;Softwarequalit�t ;P;1;2;IT;IT;;999;IT-Prof;�;F 1.3;;WAHR;IT;;SS15;0;3;4;
1056003-MIB;6;MIB;Softwarequalit�t ;P;1;2;IT;IT;;999;IT-Prof;�;F 1.3;;WAHR;IT;;WS1415;0;3;4;
1056003-MIB;6;MIB;Softwarequalit�t ;P;1;2;IT;IT;;999;IT-Prof;�;F 1.3;;WAHR;IT;;WS1516;0;3;4;
1056003-SWB;6;SWB;Sofwarequalit�t;P;0;0;IT;IT;;999;IT-Prof;�;F 1.3;;WAHR;IT;;SS15;0;3;4;
1056003-SWB;6;SWB;Sofwarequalit�t;P;0;0;IT;IT;;999;IT-Prof;�;F 1.3;;WAHR;IT;;WS1415;0;3;4;
1056003-SWB;6;SWB;Sofwarequalit�t;P;0;0;IT;IT;;999;IT-Prof;�;F 1.3;;WAHR;IT;;WS1516;0;3;4;
1056004-MIB;6;MIB;Labor Softwarequalit�t ;P;1;2;IT;IT;;999;IT-Prof;�;F 1.3;;WAHR;IT;;SS15;0;1;2;
1056004-MIB;6;MIB;Labor Softwarequalit�t ;P;1;2;IT;IT;;999;IT-Prof;�;F 1.3;;WAHR;IT;;WS1415;0;1;2;
1056004-MIB;6;MIB;Labor Softwarequalit�t ;P;1;2;IT;IT;;999;IT-Prof;�;F 1.3;;WAHR;IT;;WS1516;0;1;2;
1056004-SWB;6;SWB;Labor Softwarequalit�t ;P;3;4;IT;IT;;999;IT-Prof;�;F 1.3;;WAHR;IT;;SS15;0;1;2;
1056004-SWB;6;SWB;Labor Softwarequalit�t ;P;3;4;IT;IT;;999;IT-Prof;�;F 1.3;;WAHR;IT;;WS1415;0;1;2;
1056004-SWB;6;SWB;Labor Softwarequalit�t ;P;3;4;IT;IT;;999;IT-Prof;�;F 1.3;;WAHR;IT;;WS1516;0;1;2;
1056005-MIB;6;MIB;IT-Sicherheit ;P;3;4;IT;IT;;999;IT-Prof;�;F 1.3;;WAHR;IT;;SS15;0;0;0;
1056005-MIB;6;MIB;IT-Sicherheit ;P;3;4;IT;IT;;999;IT-Prof;�;F 1.3;;WAHR;IT;;WS1415;0;0;0;
1056005-MIB;6;MIB;IT-Sicherheit ;P;3;4;IT;IT;;999;IT-Prof;�;F 1.3;;WAHR;IT;;WS1516;0;0;0;
1056005-SWB;6;SWB;IT-Sicherheit ;P;4;4;IT;IT;;999;IT-Prof;�;F 1.3;;WAHR;IT;;SS15;0;3;4;
1056005-SWB;6;SWB;IT-Sicherheit ;P;4;4;IT;IT;;999;IT-Prof;�;F 1.3;;WAHR;IT;;WS1415;0;3;4;
1056005-SWB;6;SWB;IT-Sicherheit ;P;4;4;IT;IT;;999;IT-Prof;�;F 1.3;;WAHR;IT;;WS1516;0;3;4;
1056006-MIB;6;MIB;Labor IT-Sicherheit ;P;0;0;IT;IT;;999;IT-Prof;�;F 1.3;;WAHR;IT;;SS15;0;3;4;
1056006-MIB;6;MIB;Labor IT-Sicherheit ;P;0;0;IT;IT;;999;IT-Prof;�;F 1.3;;WAHR;IT;;WS1415;0;3;4;
1056006-MIB;6;MIB;Labor IT-Sicherheit ;P;0;0;IT;IT;;999;IT-Prof;�;F 1.3;;WAHR;IT;;WS1516;0;3;4;
1056006-SWB;6;SWB;Labor IT-Sicherheit ;P;3;4;IT;IT;;999;IT-Prof;�;F 1.3;;WAHR;IT;;SS15;0;1;2;
1056006-SWB;6;SWB;Labor IT-Sicherheit ;P;3;4;IT;IT;;999;IT-Prof;�;F 1.3;;WAHR;IT;;WS1415;0;1;2;
1056006-SWB;6;SWB;Labor IT-Sicherheit ;P;3;4;IT;IT;;999;IT-Prof;�;F 1.3;;WAHR;IT;;WS1516;0;1;2;
1056007-MIB;6;MIB;Studienprojekt ;P;1;2;IT;IT;;999;IT-Prof;�;F 1.3;;WAHR;IT;;SS15;0;0;0;
1056007-MIB;6;MIB;Studienprojekt ;P;1;2;IT;IT;;999;IT-Prof;�;F 1.3;;WAHR;IT;;WS1415;0;0;0;
1056007-MIB;6;MIB;Studienprojekt ;P;1;2;IT;IT;;999;IT-Prof;�;F 1.3;;WAHR;IT;;WS1516;0;0;0;
1056007-SWB;6;SWB;Studienprojekt ;P;1;2;IT;IT;;999;IT-Prof;�;F 1.3;;WAHR;IT;;SS15;0;0;0;
1056007-SWB;6;SWB;Studienprojekt ;P;1;2;IT;IT;;999;IT-Prof;�;F 1.3;;WAHR;IT;;WS1415;0;0;0;
1056007-SWB;6;SWB;Studienprojekt ;P;1;2;IT;IT;;999;IT-Prof;�;F 1.3;;WAHR;IT;;WS1516;0;0;0;
1056007-TIB;6;TIB;Studienprojekt;P;2;2;IT;IT;;999;IT-Prof;�;F 1.3;;WAHR;IT;;WS1415;0;0;0;
1056007-WKB;6;WKB;Studienprojekt;P;1;2;IT;IT;;999;IT-Prof;�;F 1.3;;WAHR;IT;;SS15;0;0;0;
1056007-WKB;6;WKB;Studienprojekt;P;1;2;IT;IT;;999;IT-Prof;�;F 1.3;;WAHR;IT;;WS1415;0;0;0;
1056007-WKB;6;WKB;Studienprojekt;P;1;2;IT;IT;;999;IT-Prof;�;F 1.3;;WAHR;IT;;WS1516;0;0;0;
1056008-TIB;4;TIB;Digitale Signalverarbeitung;P;3;4;IT;IT;;7;H�fer;Karlheinz;F1.452;;WAHR;IT;;WS1415;4;4;4;
1056009-TIB;4;TIB;Labor Digitale Signalverarbeitung;P;1;4;IT;IT;;7;H�fer;Karlheinz;F1.452;;WAHR;IT;;WS1415;2;1;4;
1056010-TIB;6;TIB;Embedded Systems Design;P;4;4;IT;IT;;1105;Marchthaler;Reiner;;;WAHR;IT;;SS15;3,5;4;4;
1056010-TIB;6;TIB;Embedded Systems Design;P;4;4;IT;IT;;1105;Marchthaler;Reiner;;;WAHR;IT;;WS1415;3,5;4;4;
1056010-TIB;6;TIB;Embedded Systems Design;P;4;4;IT;IT;;1105;Marchthaler;Reiner;;;WAHR;IT;;WS1516;3,5;4;4;
1056010-TIB;6;TIB;Embedded Systems Design;P;4;4;IT;IT;;1131;LB Blossey;Stefan;;;FALSCH;IT;;SS15;0,5;0;0;
1056010-TIB;6;TIB;Embedded Systems Design;P;4;4;IT;IT;;1131;LB Blossey;Stefan;;;FALSCH;IT;;WS1415;0,5;0;0;
1056010-TIB;6;TIB;Embedded Systems Design;P;4;4;IT;IT;;1131;LB Blossey;Stefan;;;FALSCH;IT;;WS1516;0,5;0;0;
1056011-TIB;6;TIB;Projekt Embedded Systems Design;P;1;2;IT;IT;;1014;LB Klenk;Udo;;;FALSCH;IT;Schmidt;SS15;1;1;4;
1056011-TIB;6;TIB;Projekt Embedded Systems Design;P;1;2;IT;IT;;1014;LB Klenk;Udo;;;FALSCH;IT;Schmidt;WS1415;0,5;1;4;
1056011-TIB;6;TIB;Projekt Embedded Systems Design;P;1;2;IT;IT;;1014;LB Klenk;Udo;;;FALSCH;IT;Schmidt;WS1516;1;1;4;
1056011-TIB;6;TIB;Projekt Embedded Systems Design;P;1;2;IT;IT;;1105;Marchthaler;Reiner;;;WAHR;IT;;SS15;2;0;0;
1056011-TIB;6;TIB;Projekt Embedded Systems Design;P;1;2;IT;IT;;1105;Marchthaler;Reiner;;;WAHR;IT;;WS1415;1,5;0;0;
1056011-TIB;6;TIB;Projekt Embedded Systems Design;P;1;2;IT;IT;;1105;Marchthaler;Reiner;;;WAHR;IT;;WS1516;1;0;0;
1056012-TIB;6;TIB;Embedded Systems Communication;P;3;4;IT;IT;;1023;Keller;Reinhard;;;WAHR;IT;;SS15;4;4;4;
1056012-TIB;6;TIB;Embedded Systems Communication;P;3;4;IT;IT;;1023;Keller;Reinhard;;;WAHR;IT;;WS1415;4;4;4;
1056012-TIB;6;TIB;Embedded Systems Communication;P;3;4;IT;IT;;1023;Keller;Reinhard;;;WAHR;IT;;WS1516;4;4;4;
1056013-TIB;6;TIB;Labor Embedded Systems Communication;P;4;4;IT;IT;;1023;Keller;Reinhard;;;WAHR;IT;;WS1415;0;1;4;
1056013-TIB;6;TIB;Labor Embedded Systems Communication;P;4;4;IT;IT;;1112;LB Jacob;Manuel;;;FALSCH;IT;Keller;SS15;1;1;4;
1056013-TIB;6;TIB;Labor Embedded Systems Communication;P;4;4;IT;IT;;1112;LB Jacob;Manuel;;;FALSCH;IT;Keller;WS1516;1;1;4;
1056013-TIB;6;TIB;Labor Embedded Systems Communication;P;4;4;IT;IT;;1138;LB Hayer;Christian;;;FALSCH;IT;;SS15;1;1;4;
1056013-TIB;6;TIB;Labor Embedded Systems Communication;P;4;4;IT;IT;;1138;LB Hayer;Christian;;;FALSCH;IT;;WS1415;1,5;0;0;
1056013-TIB;6;TIB;Labor Embedded Systems Communication;P;4;4;IT;IT;;1138;LB Hayer;Christian;;;FALSCH;IT;;WS1516;1;1;4;
1056014-TIB;6;TIB;Systemtechnik 2;P;3;4;IT;IT;;999;IT-Prof;�;F 1.3;;WAHR;IT;;WS1415;0;4;4;
1056014-TIB;6;TIB;Systemtechnik 2;P;3;4;IT;IT;;1022;Lindermeir;Walter Matthias;F1.451;;WAHR;IT;;WS1415;4;4;4;
1056015-TIB;6;TIB;Labor Systemtechnik 2;P;0;0;IT;IT;;999;IT-Prof;�;F 1.3;;WAHR;IT;;WS1415;0;1;2;
1056015-TIB;6;TIB;Labor Systemtechnik 2;P;0;0;IT;IT;;1022;Lindermeir;Walter Matthias;F1.451;;WAHR;IT;;WS1415;3;1;4;
1056017-WKB;6;WKB;Projekt Business Intelligence;P;4;4;IT;IT;;999;IT-Prof;�;F 1.3;;WAHR;IT;;SS15;0;1;2;
1056017-WKB;6;WKB;Projekt Business Intelligence;P;4;4;IT;IT;;999;IT-Prof;�;F 1.3;;WAHR;IT;;WS1415;0;1;2;
1056017-WKB;6;WKB;Projekt Business Intelligence;P;4;4;IT;IT;;999;IT-Prof;�;F 1.3;;WAHR;IT;;WS1516;0;1;2;
1056016-WKB;6;WKB;Business Intelligence;P;4;4;IT;IT;;999;IT-Prof;�;F 1.3;;WAHR;IT;;SS15;0;3;4;
1056016-WKB;6;WKB;Business Intelligence;P;4;4;IT;IT;;999;IT-Prof;�;F 1.3;;WAHR;IT;;WS1415;0;3;4;
1056016-WKB;6;WKB;Business Intelligence;P;4;4;IT;IT;;999;IT-Prof;�;F 1.3;;WAHR;IT;;WS1516;0;3;4;
1056018-WKB;6;WKB;Spezielle BWL 1;P;4;4;IT;IT;;999;IT-Prof;�;F 1.3;;WAHR;IT;;SS15;0;4;4;
1056018-WKB;6;WKB;Spezielle BWL 1;P;4;4;IT;IT;;999;IT-Prof;�;F 1.3;;WAHR;IT;;WS1415;0;4;4;
1056018-WKB;6;WKB;Spezielle BWL 1;P;4;4;IT;IT;;999;IT-Prof;�;F 1.3;;WAHR;IT;;WS1516;0;4;4;
1056019-WKB;6;WKB;Spezielle BWL 2;P;0;0;IT;IT;;999;IT-Prof;�;F 1.3;;WAHR;IT;;SS15;0;4;4;
1056019-WKB;6;WKB;Spezielle BWL 2;P;0;0;IT;IT;;999;IT-Prof;�;F 1.3;;WAHR;IT;;WS1415;0;4;4;
1056019-WKB;6;WKB;Spezielle BWL 2;P;0;0;IT;IT;;999;IT-Prof;�;F 1.3;;WAHR;IT;;WS1516;0;4;4;
1056022-TIB;6;TIB;Regelungstechnik 2;P;3;4;IT;IT;;1022;Lindermeir;Walter Matthias;F1.451;;WAHR;IT;;SS15;4;4;4;
1056022-TIB;6;TIB;Regelungstechnik 2;P;3;4;IT;IT;;1022;Lindermeir;Walter Matthias;F1.451;;WAHR;IT;;WS1516;4;4;4;
1056023-TIB;6;TIB;Labor Regelungstechnik 2;P;0;0;IT;IT;;1022;Lindermeir;Walter Matthias;F1.451;;WAHR;IT;;SS15;3;1;4;
1056023-TIB;6;TIB;Labor Regelungstechnik 2;P;0;0;IT;IT;;1022;Lindermeir;Walter Matthias;F1.451;;WAHR;IT;;WS1516;1;1;4;
1057000-MIB;7;MIB;Bachelorarbeit ;P;0;0;IT;IT;;999;IT-Prof;�;F 1.3;;WAHR;IT;;SS15;0;0;0;
1057000-MIB;7;MIB;Bachelorarbeit ;P;0;0;IT;IT;;999;IT-Prof;�;F 1.3;;WAHR;IT;;WS1415;0;0;0;
1057000-MIB;7;MIB;Bachelorarbeit ;P;0;0;IT;IT;;999;IT-Prof;�;F 1.3;;WAHR;IT;;WS1516;0;0;0;
1057000-SWB;7;SWB;Bachelorarbeit ;P;6;6;IT;IT;;999;IT-Prof;�;F 1.3;;WAHR;IT;;SS15;0;0;0;
1057000-SWB;7;SWB;Bachelorarbeit ;P;6;6;IT;IT;;999;IT-Prof;�;F 1.3;;WAHR;IT;;WS1415;0;0;0;
1057000-SWB;7;SWB;Bachelorarbeit ;P;6;6;IT;IT;;999;IT-Prof;�;F 1.3;;WAHR;IT;;WS1516;0;0;0;
1057000-TIB;7;TIB;Bachelorarbeit;P;6;6;IT;IT;;999;IT-Prof;�;F 1.3;;WAHR;IT;;SS15;0;0;0;
1057000-TIB;7;TIB;Bachelorarbeit;P;6;6;IT;IT;;999;IT-Prof;�;F 1.3;;WAHR;IT;;WS1415;0;0;0;
1057000-TIB;7;TIB;Bachelorarbeit;P;6;6;IT;IT;;999;IT-Prof;�;F 1.3;;WAHR;IT;;WS1516;0;0;0;
1057000-WKB;7;WKB;Bachelorarbeit;P;6;6;IT;IT;;999;IT-Prof;�;F 1.3;;WAHR;IT;;SS15;0;0;0;
1057000-WKB;7;WKB;Bachelorarbeit;P;6;6;IT;IT;;999;IT-Prof;�;F 1.3;;WAHR;IT;;WS1415;0;0;0;
1057000-WKB;7;WKB;Bachelorarbeit;P;6;6;IT;IT;;999;IT-Prof;�;F 1.3;;WAHR;IT;;WS1516;0;0;0;
1057001-MIB;7;MIB;Wissenschaftliche Vertiefung;P;4;4;IT;IT;;999;IT-Prof;�;F 1.3;;WAHR;IT;;SS15;0;0;0;
1057001-MIB;7;MIB;Wissenschaftliche Vertiefung;P;4;4;IT;IT;;999;IT-Prof;�;F 1.3;;WAHR;IT;;WS1415;0;0;0;
1057001-MIB;7;MIB;Wissenschaftliche Vertiefung;P;4;4;IT;IT;;999;IT-Prof;�;F 1.3;;WAHR;IT;;WS1516;0;0;0;
1057001-SWB;7;SWB;Wissenschaftliche Vertiefung;P;0;0;IT;IT;;999;IT-Prof;�;F 1.3;;WAHR;IT;;SS15;0;0;0;
1057001-SWB;7;SWB;Wissenschaftliche Vertiefung;P;0;0;IT;IT;;999;IT-Prof;�;F 1.3;;WAHR;IT;;WS1415;0;0;0;
1057001-SWB;7;SWB;Wissenschaftliche Vertiefung;P;0;0;IT;IT;;999;IT-Prof;�;F 1.3;;WAHR;IT;;WS1516;0;0;0;
1057001-TIB;7;TIB;Wissenschaftliche Vertiefung;P;0;0;IT;IT;;999;IT-Prof;�;F 1.3;;WAHR;IT;;SS15;0;0;0;
1057001-TIB;7;TIB;Wissenschaftliche Vertiefung;P;0;0;IT;IT;;999;IT-Prof;�;F 1.3;;WAHR;IT;;WS1415;0;0;0;
1057001-TIB;7;TIB;Wissenschaftliche Vertiefung;P;0;0;IT;IT;;999;IT-Prof;�;F 1.3;;WAHR;IT;;WS1516;0;0;0;
1057001-WKB;7;WKB;Wissenschaftliche Vertiefung;P;0;0;IT;IT;;999;IT-Prof;�;F 1.3;;WAHR;IT;;SS15;0;0;0;
1057001-WKB;7;WKB;Wissenschaftliche Vertiefung;P;0;0;IT;IT;;999;IT-Prof;�;F 1.3;;WAHR;IT;;WS1415;0;0;0;
1057001-WKB;7;WKB;Wissenschaftliche Vertiefung;P;0;0;IT;IT;;999;IT-Prof;�;F 1.3;;WAHR;IT;;WS1516;0;0;0;
1057002-MIB;7;MIB;Kolloquium ;P;0;0;IT;IT;;999;IT-Prof;�;F 1.3;;WAHR;IT;;SS15;0;0;0;
1057002-MIB;7;MIB;Kolloquium ;P;0;0;IT;IT;;999;IT-Prof;�;F 1.3;;WAHR;IT;;WS1415;0;0;0;
1057002-MIB;7;MIB;Kolloquium ;P;0;0;IT;IT;;999;IT-Prof;�;F 1.3;;WAHR;IT;;WS1516;0;0;0;
1057002-SWB;7;SWB;Kolloquium ;P;0;0;IT;IT;;999;IT-Prof;�;F 1.3;;WAHR;IT;;SS15;0;0;0;
1057002-SWB;7;SWB;Kolloquium ;P;0;0;IT;IT;;999;IT-Prof;�;F 1.3;;WAHR;IT;;WS1415;0;0;0;
1057002-SWB;7;SWB;Kolloquium ;P;0;0;IT;IT;;999;IT-Prof;�;F 1.3;;WAHR;IT;;WS1516;0;0;0;
1057002-TIB;7;TIB;Kolloquium;P;0;0;IT;IT;;999;IT-Prof;�;F 1.3;;WAHR;IT;;SS15;0;0;0;
1057002-TIB;7;TIB;Kolloquium;P;0;0;IT;IT;;999;IT-Prof;�;F 1.3;;WAHR;IT;;WS1415;0;0;0;
1057002-TIB;7;TIB;Kolloquium;P;0;0;IT;IT;;999;IT-Prof;�;F 1.3;;WAHR;IT;;WS1516;0;0;0;
1057002-WKB;7;WKB;Kolloquium;P;0;0;IT;IT;;999;IT-Prof;�;F 1.3;;WAHR;IT;;SS15;0;0;0;
1057002-WKB;7;WKB;Kolloquium;P;0;0;IT;IT;;999;IT-Prof;�;F 1.3;;WAHR;IT;;WS1415;0;0;0;
1057002-WKB;7;WKB;Kolloquium;P;0;0;IT;IT;;999;IT-Prof;�;F 1.3;;WAHR;IT;;WS1516;0;0;0;
1KTB_4001;4;ITA;Betriebswirtschaft;P;4;4;IT;IT;;1074;LB B�hler," M.;Martin;;;FALSCH;IT;Schmidt;WS1415;1",5;4;4;
1KTB_4011;4;ITA;Projektmanagement;P;1;2;IT;IT;;1149;LB Roux;Manfred;;;FALSCH;IT;;WS1415;0,5;1;0;
1KTB_4021;4;ITA;Computerarchitektur 3;P;4;4;IT;IT;;22;Zimmermann;Werner;F1.351;;WAHR;IT;;WS1415;2;4;4;
1KTB_4031;4;ITA;Labor Computerarchitektur 3;P;1;4;IT;IT;;34;LB Redmers;Armin;;Mo 5.+6. Stunde;FALSCH;IT;Zimmermann;WS1415;1;0;0;
1KTB_4031;4;ITA;Labor Computerarchitektur 3;P;1;4;IT;IT;;35;LB Haag;Roland;;Mo 5.+6. Stunde;FALSCH;IT;Zimmermann;WS1415;1;1;4;
1KTB_4041;4;ITA;Systemtechnik 1;P;4;4;IT;IT;;22;Zimmermann;Werner;F1.351;;WAHR;IT;;WS1415;2;4;4;
1KTB_4051;4;ITA;Labor Systemtechnik 1;P;1;4;IT;IT;;22;Zimmermann;Werner;F1.351;;WAHR;IT;;WS1415;0,5;1;4;
1KTB_4061;4;ITA;Echtzeitsysteme;P;4;4;IT;IT;;1053;Friedrich;J�rg;;;WAHR;IT;;WS1415;2;4;4;
1KTB_4071;4;ITA;Labor Echtzeitsysteme;P;1;4;IT;IT;;1053;Friedrich;J�rg;;;WAHR;IT;;WS1415;0,5;1;4;
1KTB_4081;4;ITA;Rechnernetze 1;P;4;4;IT;IT;;15;Melcher;Harald;F1.457;;WAHR;IT;;WS1415;1;4;4;
1KTB_4091;4;ITA;Labor Rechnernetze 1;P;1;4;IT;IT;;21;Zieher;Martin;F1.354;;WAHR;IT;;WS1415;0,5;1;4;
1KTB_4101;4;ITA;Objektorientierte Systeme 1;P;3;2;IT;IT;;1119;Gro�;Hans-Gerhard;;;WAHR;IT;;WS1415;1,5;3;2;
1KTB_4111;4;ITA;Labor Objektorientierte Systeme 1;P;2;4;IT;IT;;1119;Gro�;Hans-Gerhard;;;WAHR;IT;;WS1415;1;2;4;
1KTB_6021;6;KTB;Labor Digitale Signalverarbeitung;P;1;4;IT;IT;;7;H�fer;Karlheinz;F1.452;;WAHR;IT;;WS1415;0;1;4;
1KTB_6031;6;KTB;Digitale Signalverarbeitung;P;4;4;IT;IT;;7;H�fer;Karlheinz;F1.452;;WAHR;IT;;WS1415;0;4;4;
1KTB_6041;6;KTB;Labor Rechnernetze 2;P;1;4;GS;IT;;1072;Schoop;Dominik;F 1.3;;WAHR;GS;;WS1415;0,5;1;4;
1KTB_6041;6;KTB;Labor Rechnernetze 2;P;1;4;IT;IT;;21;Zieher;Martin;F1.354;;WAHR;IT;;WS1415;0,5;0;0;
1KTB_6051;6;KTB;Rechnernetze 2;P;4;4;GS;IT;;1072;Schoop;Dominik;F 1.3;;WAHR;GS;;WS1415;2;0;0;
1KTB_6051;6;KTB;Rechnernetze 2;P;4;4;IT;IT;;21;Zieher;Martin;F1.354;;WAHR;IT;;WS1415;2;4;4;
1KTB_6051;6;KTB;Rechnernetze 2;P;4;4;IT;IT;;21;Zieher;Martin;F1.354;;WAHR;IT;;WS1516;4;0;0;
1SWB_4001;4;ITB;Betriebswirtschaft;P;4;4;IT;IT;;1074;LB B�hler," M.;Martin;;;FALSCH;IT;Schmidt;WS1415;2;4;4;"
1SWB_4011;4;ITB;Projektmanagement;P;1;2;IT;IT;;1149;LB Roux;Manfred;;;FALSCH;IT;;WS1415;0,5;1;0;
1SWB_4021;4;ITB;Computerarchitektur 3;P;4;4;IT;IT;;22;Zimmermann;Werner;F1.351;;WAHR;IT;;WS1415;2;4;4;
1SWB_4031;4;ITB;Labor Computerarchitektur 3;P;1;4;IT;IT;;22;Zimmermann;Werner;F1.351;;WAHR;IT;;WS1415;0;1;4;
1SWB_4041;4;ITB;Systemtechnik 1;P;4;4;IT;IT;;22;Zimmermann;Werner;F1.351;;WAHR;IT;;WS1415;2;4;4;
1SWB_4051;4;ITB;Labor Systemtechnik 1;P;1;4;IT;IT;;22;Zimmermann;Werner;F1.351;;WAHR;IT;;WS1415;0,5;1;4;
1SWB_4061;4;ITB;Echtzeitsysteme;P;4;4;IT;IT;;1053;Friedrich;J�rg;;;WAHR;IT;;WS1415;2;4;4;
1SWB_4071;4;ITB;Labor Echtzeitsysteme;P;1;4;IT;IT;;1053;Friedrich;J�rg;;;WAHR;IT;;WS1415;0,5;1;4;
1SWB_4081;4;ITB;Rechnernetze 1;P;4;4;IT;IT;;15;Melcher;Harald;F1.457;;WAHR;IT;;WS1415;1;4;4;
1SWB_4091;4;ITB;Labor Rechneretze 1;P;1;4;IT;IT;;21;Zieher;Martin;F1.354;;WAHR;IT;;WS1415;0,5;1;4;
1SWB_4101;4;ITB;Objektorientierte Systeme 1;P;3;2;IT;IT;;1119;Gro�;Hans-Gerhard;;;WAHR;IT;;WS1415;1,5;3;4;
1SWB_4111;4;ITB;Labor Objektorientierte Systeme 1;P;2;4;IT;IT;;1119;Gro�;Hans-Gerhard;;;WAHR;IT;;WS1415;1;0;0;
1SWB_6021;6;SWT;Projekt Datenbanken;P;2;4;GS;IT;;1072;Schoop;Dominik;F 1.3;;WAHR;GS;;WS1415;2;2;2;
1SWB_6021;6;SWT;Projekt Datenbanken;P;2;4;IT;IT;;16;Nonnast;J�rgen;F1.454;;WAHR;IT;;SS15;2;2;2;
1SWB_6021;6;SWT;Projekt Datenbanken;P;2;4;IT;IT;;16;Nonnast;J�rgen;F1.454;;WAHR;IT;;WS1516;2;2;2;
1SWB_6031;6;SWT;Datenbanken 2;P;4;4;GS;IT;;1072;Schoop;Dominik;F 1.3;;WAHR;GS;;WS1415;3;3;4;
1SWB_6031;6;SWT;Datenbanken 2;P;4;4;IT;IT;;16;Nonnast;J�rgen;F1.454;;WAHR;IT;;SS15;3;3;4;
1SWB_6031;6;SWT;Datenbanken 2;P;4;4;IT;IT;;16;Nonnast;J�rgen;F1.454;;WAHR;IT;;WS1516;3;3;4;
1SWB_6081;6;SWT;Labor Graf. Benutzungsoberfl�chen;P;1;4;IT;IT;;1079;R��ler;Andreas;;;WAHR;IT;;SS15;1;1;4;
1SWB_6081;6;SWT;Labor Graf. Benutzungsoberfl�chen;P;1;4;IT;IT;;1079;R��ler;Andreas;;;WAHR;IT;;WS1415;1;1;4;
1SWB_6081;6;SWT;Labor Graf. Benutzungsoberfl�chen;P;1;4;IT;IT;;1079;R��ler;Andreas;;;WAHR;IT;;WS1516;1;1;4;
1SWB_6081x;6;SWM;Labor Graf. Benutzungsoberfl�chen;P;1;4;IT;IT;;1079;R��ler;Andreas;;;WAHR;IT;;SS15;0;1;4;
1SWB_6081x;6;SWM;Labor Graf. Benutzungsoberfl�chen;P;1;4;IT;IT;;1079;R��ler;Andreas;;;WAHR;IT;;WS1415;0;1;4;
1SWB_6081x;6;SWM;Labor Graf. Benutzungsoberfl�chen;P;1;4;IT;IT;;1079;R��ler;Andreas;;;WAHR;IT;;WS1516;0;1;4;
1SWB_6091;6;SWT;Graf. Benutzungsoberfl�chen;P;4;4;IT;IT;;1079;R��ler;Andreas;;;WAHR;IT;;SS15;4;4;4;
1SWB_6091;6;SWT;Graf. Benutzungsoberfl�chen;P;4;4;IT;IT;;1079;R��ler;Andreas;;;WAHR;IT;;WS1415;4;4;4;
1SWB_6091;6;SWT;Graf. Benutzungsoberfl�chen;P;4;4;IT;IT;;1079;R��ler;Andreas;;;WAHR;IT;;WS1516;4;4;4;
1SWB_6091x;6;SWM;Graf. Benutzungsoberfl�chen;P;4;4;IT;IT;;1079;R��ler;Andreas;;;WAHR;IT;;SS15;0;4;4;
1SWB_6091x;6;SWM;Graf. Benutzungsoberfl�chen;P;4;4;IT;IT;;1079;R��ler;Andreas;;;WAHR;IT;;WS1415;0;4;4;
1SWB_6091x;6;SWM;Graf. Benutzungsoberfl�chen;P;4;4;IT;IT;;1079;R��ler;Andreas;;;WAHR;IT;;WS1516;0;4;4;
1SWM_6021;6;SWM;Projekt Datenbanken;P;2;4;IT;IT;;16;Nonnast;J�rgen;F1.454;;WAHR;IT;;SS15;0;2;2;
1SWM_6021;6;SWM;Projekt Datenbanken;P;2;4;IT;IT;;16;Nonnast;J�rgen;F1.454;;WAHR;IT;;WS1415;0;2;2;
1SWM_6021;6;SWM;Projekt Datenbanken;P;2;4;IT;IT;;16;Nonnast;J�rgen;F1.454;;WAHR;IT;;WS1516;0;2;2;
1SWM_6031;6;SWM;Datenbanken 2;P;4;4;IT;IT;;16;Nonnast;J�rgen;F1.454;;WAHR;IT;;SS15;0;4;4;
1SWM_6031;6;SWM;Datenbanken 2;P;4;4;IT;IT;;16;Nonnast;J�rgen;F1.454;;WAHR;IT;;WS1415;0;4;4;
1SWM_6031;6;SWM;Datenbanken 2;P;4;4;IT;IT;;16;Nonnast;J�rgen;F1.454;;WAHR;IT;;WS1516;0;4;4;
1SWM_6041;6;SWM;Labor Digitale Medien;P;1;4;IT;IT;;1130;LB Berg;Oliver;;;FALSCH;IT;;SS15;0;1;4;
1SWM_6041;6;SWM;Labor Digitale Medien;P;1;4;IT;IT;;1130;LB Berg;Oliver;;;FALSCH;IT;;WS1415;0;1;4;
1SWM_6041;6;SWM;Labor Digitale Medien;P;1;4;IT;IT;;1130;LB Berg;Oliver;;;FALSCH;IT;;WS1516;0;1;4;
1SWM_6051;6;SWM;Digitale Medien;P;4;4;IT;IT;;17;Schmidt;Reinhard;F1.419;;WAHR;IT;;SS15;0;4;4;
1SWM_6051;6;SWM;Digitale Medien;P;4;4;IT;IT;;17;Schmidt;Reinhard;F1.419;;WAHR;IT;;WS1415;0;4;4;
1SWM_6051;6;SWM;Digitale Medien;P;4;4;IT;IT;;17;Schmidt;Reinhard;F1.419;;WAHR;IT;;WS1516;0;4;4;
1SWM_6061;6;SWM;Labor Virtuelle Realit�t;P;1;4;IT;IT;;1130;LB Berg;Oliver;;;FALSCH;IT;;SS15;0;0;4;
1SWM_6061;6;SWM;Labor Virtuelle Realit�t;P;1;4;IT;IT;;1130;LB Berg;Oliver;;;FALSCH;IT;;WS1415;1,5;0;4;
1SWM_6061;6;SWM;Labor Virtuelle Realit�t;P;1;4;IT;IT;;1130;LB Berg;Oliver;;;FALSCH;IT;;WS1516;0;0;4;
1SWM_6071;6;SWM;Virtuelle Realit�t;P;4;4;IT;IT;;17;Schmidt;Reinhard;F1.419;;WAHR;IT;;SS15;0;4;4;
1SWM_6071;6;SWM;Virtuelle Realit�t;P;4;4;IT;IT;;17;Schmidt;Reinhard;F1.419;;WAHR;IT;;WS1415;4;4;4;
1SWM_6071;6;SWM;Virtuelle Realit�t;P;4;4;IT;IT;;17;Schmidt;Reinhard;F1.419;;WAHR;IT;;WS1516;0;4;4;
1SWM_6071;6;SWM;Virtuelle Realit�t;P;4;4;IT;IT;;1079;R��ler;Andreas;;;WAHR;IT;;WS1415;0;0;0;
1SWM_6081;6;SWM;Labor Interaktive Systeme;P;1;4;IT;IT;;1070;Beck;Astrid;;;WAHR;IT;;SS15;0;1;4;
1SWM_6081;6;SWM;Labor Interaktive Systeme;P;1;4;IT;IT;;1070;Beck;Astrid;;;WAHR;IT;;WS1516;0;1;4;
1SWM_6081;6;SWM;Labor Interaktive Systeme;P;1;4;IT;IT;;1208;LB Marek;Michael;;;FALSCH;IT;Beck;WS1415;0;1;4;LB Michael Marek
1SWM_6091;6;SWM;Interaktive Systeme;P;4;4;IT;IT;;1070;Beck;Astrid;;;WAHR;IT;;SS15;0;4;4;
1SWM_6091;6;SWM;Interaktive Systeme;P;4;4;IT;IT;;1070;Beck;Astrid;;;WAHR;IT;;WS1516;0;4;4;
1SWM_6091;6;SWM;Interaktive Systeme;P;4;4;IT;IT;;1208;LB Marek;Michael;;;FALSCH;IT;Beck;WS1415;0;4;4;LB Michael Marek
1SWT_6041;6;SWT;Labor Obj.orientierte Systeme 2;P;1;4;IT;IT;;5;Goll;Joachim;F1.456;;WAHR;IT;;SS15;0,5;0;0;
1SWT_6041;6;SWT;Labor Obj.orientierte Systeme 2;P;1;4;IT;IT;;5;Goll;Joachim;F1.456;;WAHR;IT;;WS1415;1;0;0;
1SWT_6041;6;SWT;Labor Obj.orientierte Systeme 2;P;1;4;IT;IT;;1137;LB Gr�ttner;Emil;;;FALSCH;IT;;WS1415;0;0;0;
1SWT_6041;6;SWT;Labor Obj.orientierte Systeme 2;P;1;4;IT;IT;;1174;LB Koller;Micha;;;FALSCH;IT;;SS15;0,5;0;0;
1SWT_6041;6;SWT;Labor Obj.orientierte Systeme 2;P;1;4;IT;IT;;1174;LB Koller;Micha;;;FALSCH;IT;;WS1516;0,5;0;0;
1SWT_6041;6;SWT;Labor Obj.orientierte Systeme 2;P;1;4;IT;IT;;1213;LB Goll;Joachim;;;FALSCH;IT;Schmidt;WS1516;0,5;0;0;
1SWT_6051;6;SWT;Obj.orientierte Systeme 2;P;4;4;IT;IT;;5;Goll;Joachim;F1.456;;WAHR;IT;;SS15;4;0;0;
1SWT_6051;6;SWT;Obj.orientierte Systeme 2;P;4;4;IT;IT;;5;Goll;Joachim;F1.456;;WAHR;IT;;WS1415;4;0;0;
1SWT_6051;6;SWT;Obj.orientierte Systeme 2;P;4;4;IT;IT;;1213;LB Goll;Joachim;;;FALSCH;IT;Schmidt;WS1516;4;0;0;
1SWT_6061;6;SWT;Labor Softwarearchitektur;P;1;4;IT;IT;;1007;LB M�ller-Hofmann;Frank;;;FALSCH;IT;Goll;SS15;0,5;1;4;
1SWT_6061;6;SWT;Labor Softwarearchitektur;P;1;4;IT;IT;;1007;LB M�ller-Hofmann;Frank;;;FALSCH;IT;Goll;WS1415;1;1;4;
1SWT_6061;6;SWT;Labor Softwarearchitektur;P;1;4;IT;IT;;1007;LB M�ller-Hofmann;Frank;;;FALSCH;IT;Goll;WS1516;0,5;1;4;
1SWT_6061;6;SWT;Labor Softwarearchitektur;P;1;4;IT;IT;;1139;LB Hiller;Martin;;;FALSCH;IT;;SS15;0,5;0;0;
1SWT_6061;6;SWT;Labor Softwarearchitektur;P;1;4;IT;IT;;1139;LB Hiller;Martin;;;FALSCH;IT;;WS1415;1;0;0;
1SWT_6061;6;SWT;Labor Softwarearchitektur;P;1;4;IT;IT;;1139;LB Hiller;Martin;;;FALSCH;IT;;WS1516;0,5;0;0;
1SWT_6071;6;SWT;Softwarearchitektur;P;4;4;IT;IT;;5;Goll;Joachim;F1.456;;WAHR;IT;;SS15;4;4;4;
1SWT_6071;6;SWT;Softwarearchitektur;P;4;4;IT;IT;;5;Goll;Joachim;F1.456;;WAHR;IT;;WS1415;4;4;4;
1SWT_6071;6;SWT;Softwarearchitektur;P;4;4;IT;IT;;1213;LB Goll;Joachim;;;FALSCH;IT;Schmidt;WS1516;4;4;4;
1SWT_6101;6;SWT;Labor Rechnerbetrieb;P;1;4;IT;IT;;19;Weber;Heinrich;F1.318;;WAHR;IT;;SS15;1;1;4;
1SWT_6101;6;SWT;Labor Rechnerbetrieb;P;1;4;IT;IT;;19;Weber;Heinrich;F1.318;;WAHR;IT;;WS1415;1;1;4;
1SWT_6101;6;SWT;Labor Rechnerbetrieb;P;1;4;IT;IT;;19;Weber;Heinrich;F1.318;;WAHR;IT;;WS1516;1;1;4;
1SWT_6111;6;SWT;Rechnerbetrieb;P;4;4;IT;IT;;19;Weber;Heinrich;F1.318;;WAHR;IT;;SS15;4;0;0;
1SWT_6111;6;SWT;Rechnerbetrieb;P;4;4;IT;IT;;19;Weber;Heinrich;F1.318;;WAHR;IT;;WS1415;4;0;0;
1SWT_6111;6;SWT;Rechnerbetrieb;P;4;4;IT;IT;;19;Weber;Heinrich;F1.318;;WAHR;IT;;WS1516;4;0;0;
1TIB_6061;6;TIB;Labor Maschinelles Sehen;P;1;4;IT;IT;;86;Malz;Reinhard;F1.453;;WAHR;IT;;SS15;0,5;0;0;
1TIB_6061;6;TIB;Labor Maschinelles Sehen;P;1;4;IT;IT;;86;Malz;Reinhard;F1.453;;WAHR;IT;;WS1415;1;1;4;
1TIB_6061;6;TIB;Labor Maschinelles Sehen;P;1;4;IT;IT;;86;Malz;Reinhard;F1.453;;WAHR;IT;;WS1516;0,5;0;0;
1TIB_6071;6;TIB;Maschinelles Sehen;P;4;4;IT;IT;;86;Malz;Reinhard;F1.453;;WAHR;IT;;SS15;2;0;0;
1TIB_6071;6;TIB;Maschinelles Sehen;P;4;4;IT;IT;;86;Malz;Reinhard;F1.453;;WAHR;IT;;WS1415;4;4;4;
1TIB_6071;6;TIB;Maschinelles Sehen;P;4;4;IT;IT;;86;Malz;Reinhard;F1.453;;WAHR;IT;;WS1516;2;0;0;
2IT7001;7;SWT;Social Software im Enterprise-Umfeld;W;2;2;IT;IT;;1013;LB nn;;;;FALSCH;IT;;SS15;0;2;2;
2IT7001;7;SWT;Social Software im Enterprise-Umfeld;W;2;2;IT;IT;;1013;LB nn;;;;FALSCH;IT;;WS1516;0;2;2;
2IT7001;7;SWT;Social Software im Enterprise-Umfeld;W;2;2;IT;IT;;1204;LB S�llner;Benjamin;;;FALSCH;IT;Schmidt;WS1415;0,5;0;0;
2KTB_5001;5;KTB;Ingenieurmethodiken 2;P;4;0;IT;IT;;86;Malz;Reinhard;F1.453;;WAHR;IT;;WS1415;2;0;0;
2KTB_5002;4;ITA;Ingenieurmethodiken 2;P;3;0;IT;IT;;29;LB Haas;Hubert;;;FALSCH;IT;Schmidt;WS1415;1,5;0;0;
2KTB_5002;4;ITA;Ingenieurmethodiken 2;P;3;0;IT;IT;;30;LB Krauss;Reinhard;;;FALSCH;IT;Schmidt;WS1415;2;0;0;
2KTB_5002;4;ITA;Ingenieurmethodiken 2;P;3;0;IT;IT;;83;LB Doll-Richter;Brigitte;;;FALSCH;IT;Schmidt;WS1415;1;0;0;
2KTB_5002;4;ITA;Ingenieurmethodiken 2;P;3;0;IT;IT;;1128;LB Bechtolsheim," v.;Brigitte;;;FALSCH;IT;;WS1415;2;0;0;"
2KTB_6011;6;KTB;Studienarbeit;P;0;0;GS;IT;;1072;Schoop;Dominik;F 1.3;;WAHR;GS;;SS15;0;0;0;
2KTB_6011;6;KTB;Studienarbeit;P;0;0;GS;IT;;1072;Schoop;Dominik;F 1.3;;WAHR;GS;;WS1415;0,4;0;0;
2KTB_6011;6;KTB;Studienarbeit;P;0;0;IT;IT;;7;H�fer;Karlheinz;F1.452;;WAHR;IT;;SS15;0;0;0;
2KTB_6011;6;KTB;Studienarbeit;P;0;0;IT;IT;;7;H�fer;Karlheinz;F1.452;;WAHR;IT;;WS1415;0;0;0;
2KTB_6011;6;KTB;Studienarbeit;P;0;0;IT;IT;;15;Melcher;Harald;F1.457;;WAHR;IT;;SS15;2;0;0;
2KTB_6011;6;KTB;Studienarbeit;P;0;0;IT;IT;;15;Melcher;Harald;F1.457;;WAHR;IT;;WS1415;0,8;0;0;
2KTB_6011;6;KTB;Studienarbeit;P;0;0;IT;IT;;17;Schmidt;Reinhard;F1.419;;WAHR;IT;;SS15;0,2;0;0;
2KTB_6011;6;KTB;Studienarbeit;P;0;0;IT;IT;;17;Schmidt;Reinhard;F1.419;;WAHR;IT;;WS1415;1;0;0;
2KTB_6011;6;KTB;Studienarbeit;P;0;0;IT;IT;;21;Zieher;Martin;F1.354;;WAHR;IT;;SS15;0,2;0;0;
2KTB_6011;6;KTB;Studienarbeit;P;0;0;IT;IT;;21;Zieher;Martin;F1.354;;WAHR;IT;;WS1415;0,2;0;0;
2KTB_6011;6;KTB;Studienarbeit;P;0;0;IT;IT;;86;Malz;Reinhard;F1.453;;WAHR;IT;;SS15;0,2;0;0;
2KTB_6011;6;KTB;Studienarbeit;P;0;0;IT;IT;;86;Malz;Reinhard;F1.453;;WAHR;IT;;WS1415;0,2;0;0;
2KTB_6011;6;KTB;Studienarbeit;P;0;0;IT;IT;;1022;Lindermeir;Walter Matthias;F1.451;;WAHR;IT;;SS15;0;0;0;
2KTB_6011;6;KTB;Studienarbeit;P;0;0;IT;IT;;1022;Lindermeir;Walter Matthias;F1.451;;WAHR;IT;;WS1415;0,2;0;0;
2KTB_6011;6;KTB;Studienarbeit;P;0;0;IT;IT;;1055;V�terlein;Peter;F 1,452;;WAHR;IT;;SS15;0;0;0;
2KTB_6011;6;KTB;Studienarbeit;P;0;0;IT;IT;;1055;V�terlein;Peter;F 1,452;;WAHR;IT;;WS1415;0,2;0;0;
2KTB_7000;7;KTB;Bachelorarbeit;P;0;0;GS;IT;;1072;Schoop;Dominik;F 1.3;;WAHR;GS;;SS15;0;0;0;
2KTB_7000;7;KTB;Bachelorarbeit;P;0;0;GS;IT;;1072;Schoop;Dominik;F 1.3;;WAHR;GS;;WS1415;0,8;0;0;
2KTB_7000;7;KTB;Bachelorarbeit;P;0;0;IT;IT;;7;H�fer;Karlheinz;F1.452;;WAHR;IT;;SS15;0;0;0;
2KTB_7000;7;KTB;Bachelorarbeit;P;0;0;IT;IT;;7;H�fer;Karlheinz;F1.452;;WAHR;IT;;WS1415;0;0;0;
2KTB_7000;7;KTB;Bachelorarbeit;P;0;0;IT;IT;;15;Melcher;Harald;F1.457;;WAHR;IT;;SS15;0;0;0;
2KTB_7000;7;KTB;Bachelorarbeit;P;0;0;IT;IT;;15;Melcher;Harald;F1.457;;WAHR;IT;;WS1415;0,8;0;0;
2KTB_7000;7;KTB;Bachelorarbeit;P;0;0;IT;IT;;21;Zieher;Martin;F1.354;;WAHR;IT;;SS15;0;0;0;
2KTB_7000;7;KTB;Bachelorarbeit;P;0;0;IT;IT;;21;Zieher;Martin;F1.354;;WAHR;IT;;WS1415;0;0;0;
2KTB_8651;7;KTB;Web-Technologien;W;2;2;IT;IT;;1070;Beck;Astrid;;;WAHR;IT;;SS15;0;2;2;
2KTB_8651;7;KTB;Web-Technologien;W;2;2;IT;IT;;1070;Beck;Astrid;;;WAHR;IT;;WS1415;0;2;2;
2KTB_8651;7;KTB;Web-Technologien;W;2;2;IT;IT;;1070;Beck;Astrid;;;WAHR;IT;;WS1516;0;2;2;
2KTB_8651;7;KTB;Web-Technologien;W;2;2;IT;IT;;1111;LB Bosch;Andy;;;FALSCH;IT;Beck;SS15;0;0;0;
2KTB_8651;7;KTB;Web-Technologien;W;2;2;IT;IT;;1111;LB Bosch;Andy;;;FALSCH;IT;Beck;WS1415;0;0;0;
2KTB_8651;7;KTB;Web-Technologien;W;2;2;IT;IT;;1111;LB Bosch;Andy;;;FALSCH;IT;Beck;WS1516;0;0;0;
2KTB_8702;7;KTB;Vertrags- und Internet-Recht;W;2;2;IT;IT;;1009;LB Schlie�;Markus;;Mi. 1. Stunde;FALSCH;IT;Schmidt;SS15;0;2;2;
2KTB_8702;7;KTB;Vertrags- und Internet-Recht;W;2;2;IT;IT;;1009;LB Schlie�;Markus;;Mi. 1. Stunde;FALSCH;IT;Schmidt;WS1415;0;2;2;
2KTB_8702;7;KTB;Vertrags- und Internet-Recht;W;2;2;IT;IT;;1009;LB Schlie�;Markus;;Mi. 1. Stunde;FALSCH;IT;Schmidt;WS1516;0;2;2;
2KTB_8722;7;KTB;Einf�hrung in CAD;W;2;2;G;IT;;0;Service G;;;;WAHR;G;;SS15;0;2;2;
2KTB_8722;7;KTB;Einf�hrung in CAD;W;2;2;G;IT;;0;Service G;;;;WAHR;G;;WS1415;0;2;2;
2KTB_8722;7;KTB;Einf�hrung in CAD;W;2;2;G;IT;;0;Service G;;;;WAHR;G;;WS1516;0;2;2;
2KTB_8732;7;KTB;Kfz-Systeme ;W;2;2;IT;IT;;1102;LB Mallebrein;Georg;;;FALSCH;IT;;SS15;0;2;2;
2KTB_8732;7;KTB;Kfz-Systeme ;W;2;2;IT;IT;;1102;LB Mallebrein;Georg;;;FALSCH;IT;;WS1415;0;2;2;
2KTB_8732;7;KTB;Kfz-Systeme ;W;2;2;IT;IT;;1102;LB Mallebrein;Georg;;;FALSCH;IT;;WS1516;0;2;2;
2KTB_8732;7;KTB;Kfz-Systeme ;W;2;2;IT;IT;;1156;LB Stabrey;Stephan;;;FALSCH;IT;;SS15;0;2;2;
2KTB_8732;7;KTB;Kfz-Systeme ;W;2;2;IT;IT;;1156;LB Stabrey;Stephan;;;FALSCH;IT;;WS1415;0;2;2;
2KTB_8732;7;KTB;Kfz-Systeme ;W;2;2;IT;IT;;1156;LB Stabrey;Stephan;;;FALSCH;IT;;WS1516;0;2;2;
2KTB_8742;7;KTB;Qualit�tstechniken;W;2;2;IT;IT;;39;LB Gr�bel;Herbert;;Fr nachmittags," 14 t�gig 5 und 6 Stunde;FALSCH;IT;Schmidt;SS15;0;2;2;"
2KTB_8742;7;KTB;Qualit�tstechniken;W;2;2;IT;IT;;39;LB Gr�bel;Herbert;;Fr nachmittags," 14 t�gig 5 und 6 Stunde;FALSCH;IT;Schmidt;WS1415;0;2;2;"
2KTB_8742;7;KTB;Qualit�tstechniken;W;2;2;IT;IT;;39;LB Gr�bel;Herbert;;Fr nachmittags," 14 t�gig 5 und 6 Stunde;FALSCH;IT;Schmidt;WS1516;0;2;2;"
2KTB_8812;7;KTB;Algorithmen;W;2;2;G;IT;;0;Service G;;;;WAHR;G;;SS15;0;2;2;
2KTB_8812;7;KTB;Algorithmen;W;2;2;G;IT;;0;Service G;;;;WAHR;G;;WS1415;0;2;2;
2KTB_8812;7;KTB;Algorithmen;W;2;2;G;IT;;0;Service G;;;;WAHR;G;;WS1516;0;2;2;
2KTB_8832;7;KTB;IT-Sicherheit;W;2;2;GS;IT;;1072;Schoop;Dominik;F 1.3;;WAHR;GS;;SS15;0;2;2;
2KTB_8832;7;KTB;IT-Sicherheit;W;2;2;GS;IT;;1072;Schoop;Dominik;F 1.3;;WAHR;GS;;WS1415;0;2;2;
2KTB_8832;7;KTB;IT-Sicherheit;W;2;2;GS;IT;;1072;Schoop;Dominik;F 1.3;;WAHR;GS;;WS1516;0;2;2;
2KTB_8842;7;KTB;Fernsehtechnik;W;2;2;IT;IT;;1010;LB Schulz;Peter;;;FALSCH;IT;Buck;SS15;0;2;2;
2KTB_8842;7;KTB;Fernsehtechnik;W;2;2;IT;IT;;1010;LB Schulz;Peter;;;FALSCH;IT;Buck;WS1415;0;2;2;
2KTB_8842;7;KTB;Fernsehtechnik;W;2;2;IT;IT;;1010;LB Schulz;Peter;;;FALSCH;IT;Buck;WS1516;0;2;2;
2KTB_8912;7;KTB;Kryptologie;W;2;2;IT;IT;;17;Schmidt;Reinhard;F1.419;;WAHR;IT;;SS15;0;2;2;
2KTB_8912;7;KTB;Kryptologie;W;2;2;IT;IT;;17;Schmidt;Reinhard;F1.419;;WAHR;IT;;WS1415;0;2;2;
2KTB_8912;7;KTB;Kryptologie;W;2;2;IT;IT;;17;Schmidt;Reinhard;F1.419;;WAHR;IT;;WS1516;0;2;2;
2KTB_8922;7;KTB;Numerische Methoden;W;2;2;G;IT;;0;Service G;;;;WAHR;G;;SS15;0;2;2;
2KTB_8922;7;KTB;Numerische Methoden;W;2;2;G;IT;;0;Service G;;;;WAHR;G;;WS1415;0;2;2;
2KTB_8922;7;KTB;Numerische Methoden;W;2;2;G;IT;;0;Service G;;;;WAHR;G;;WS1516;0;2;2;
2KTB_8942;7;KTB;Paralles Rechnen;W;2;2;IT;IT;;1055;V�terlein;Peter;F 1,452;;WAHR;IT;;SS15;0;2;2;
2KTB_8942;7;KTB;Paralles Rechnen;W;2;2;IT;IT;;1055;V�terlein;Peter;F 1,452;;WAHR;IT;;WS1415;0;2;2;
2KTB_8942;7;KTB;Paralles Rechnen;W;2;2;IT;IT;;1055;V�terlein;Peter;F 1,452;;WAHR;IT;;WS1516;0;2;2;
2SWB_5001;5;SWT;Ingenieurmethodiken 2;P;4;0;IT;IT;;3;Dausmann;Manfred;F1.319;;WAHR;IT;;WS1415;1;0;0;
2SWB_5001;5;SWT;Ingenieurmethodiken 2;P;4;0;IT;IT;;1105;Marchthaler;Reiner;;;WAHR;IT;;WS1415;2;0;0;
2SWB_5001;5;SWT;Ingenieurmethodiken 2;P;4;0;IT;IT;;1119;Gro�;Hans-Gerhard;;;WAHR;IT;;WS1415;2;0;0;
2SWB_6011;6;SWT;Studienarbeit;P;0;0;IT;IT;;3;Dausmann;Manfred;F1.319;;WAHR;IT;;SS15;0;0;0;
2SWB_6011;6;SWT;Studienarbeit;P;0;0;IT;IT;;3;Dausmann;Manfred;F1.319;;WAHR;IT;;WS1415;0,6;0;0;
2SWB_6011;6;SWT;Studienarbeit;P;0;0;IT;IT;;5;Goll;Joachim;F1.456;;WAHR;IT;;SS15;0,4;0;0;
2SWB_6011;6;SWT;Studienarbeit;P;0;0;IT;IT;;5;Goll;Joachim;F1.456;;WAHR;IT;;WS1415;0;0;0;
2SWB_6011;6;SWT;Studienarbeit;P;0;0;IT;IT;;16;Nonnast;J�rgen;F1.454;;WAHR;IT;;SS15;0;0;0;
2SWB_6011;6;SWT;Studienarbeit;P;0;0;IT;IT;;16;Nonnast;J�rgen;F1.454;;WAHR;IT;;WS1415;0;0;0;
2SWB_6011;6;SWT;Studienarbeit;P;0;0;IT;IT;;19;Weber;Heinrich;F1.318;;WAHR;IT;;SS15;0;0;0;
2SWB_6011;6;SWT;Studienarbeit;P;0;0;IT;IT;;19;Weber;Heinrich;F1.318;;WAHR;IT;;WS1415;0;0;0;
2SWB_6011;6;SWT;Studienarbeit;P;0;0;IT;IT;;1035;Warendorf;Kai;F1.352;;WAHR;IT;;SS15;0;0;0;
2SWB_6011;6;SWT;Studienarbeit;P;0;0;IT;IT;;1035;Warendorf;Kai;F1.352;;WAHR;IT;;WS1415;0;0;0;
2SWB_6011;6;SWT;Studienarbeit;P;0;0;IT;IT;;1070;Beck;Astrid;;;WAHR;IT;;SS15;0,4;0;0;
2SWB_6011;6;SWT;Studienarbeit;P;0;0;IT;IT;;1070;Beck;Astrid;;;WAHR;IT;;WS1415;0;0;0;
2SWB_6011;6;SWT;Studienarbeit;P;0;0;IT;IT;;1079;R��ler;Andreas;;;WAHR;IT;;SS15;0,6;0;0;
2SWB_6011;6;SWT;Studienarbeit;P;0;0;IT;IT;;1079;R��ler;Andreas;;;WAHR;IT;;WS1415;1,6;0;0;
2SWB_6011;6;SWT;Studienarbeit;P;0;0;IT;IT;;1119;Gro�;Hans-Gerhard;;;WAHR;IT;;SS15;0;0;0;
2SWB_6011;6;SWT;Studienarbeit;P;0;0;IT;IT;;1119;Gro�;Hans-Gerhard;;;WAHR;IT;;WS1415;0;0;0;
2SWB_7000;7;SWT;Bachelorarbeit;P;0;0;IT;IT;;3;Dausmann;Manfred;F1.319;;WAHR;IT;;SS15;0,4;0;0;
2SWB_7000;7;SWT;Bachelorarbeit;P;0;0;IT;IT;;3;Dausmann;Manfred;F1.319;;WAHR;IT;;WS1415;2;0;0;
2SWB_7000;7;SWT;Bachelorarbeit;P;0;0;IT;IT;;5;Goll;Joachim;F1.456;;WAHR;IT;;SS15;1,6;0;0;
2SWB_7000;7;SWT;Bachelorarbeit;P;0;0;IT;IT;;5;Goll;Joachim;F1.456;;WAHR;IT;;WS1415;1,6;0;0;
2SWB_7000;7;SWT;Bachelorarbeit;P;0;0;IT;IT;;16;Nonnast;J�rgen;F1.454;;WAHR;IT;;SS15;0;0;0;
2SWB_7000;7;SWT;Bachelorarbeit;P;0;0;IT;IT;;16;Nonnast;J�rgen;F1.454;;WAHR;IT;;WS1415;0;0;0;
2SWB_7000;7;SWT;Bachelorarbeit;P;0;0;IT;IT;;17;Schmidt;Reinhard;F1.419;;WAHR;IT;;SS15;0,4;0;0;
2SWB_7000;7;SWT;Bachelorarbeit;P;0;0;IT;IT;;17;Schmidt;Reinhard;F1.419;;WAHR;IT;;WS1415;0,4;0;0;
2SWB_7000;7;SWT;Bachelorarbeit;P;0;0;IT;IT;;19;Weber;Heinrich;F1.318;;WAHR;IT;;SS15;0;0;0;
2SWB_7000;7;SWT;Bachelorarbeit;P;0;0;IT;IT;;19;Weber;Heinrich;F1.318;;WAHR;IT;;WS1415;0;0;0;
2SWB_7000;7;SWT;Bachelorarbeit;P;0;0;IT;IT;;1035;Warendorf;Kai;F1.352;;WAHR;IT;;SS15;0;0;0;
2SWB_7000;7;SWT;Bachelorarbeit;P;0;0;IT;IT;;1035;Warendorf;Kai;F1.352;;WAHR;IT;;WS1415;0;0;0;
2SWB_7000;7;SWT;Bachelorarbeit;P;0;0;IT;IT;;1055;V�terlein;Peter;F 1,452;;WAHR;IT;;SS15;0;0;0;
2SWB_7000;7;SWT;Bachelorarbeit;P;0;0;IT;IT;;1055;V�terlein;Peter;F 1,452;;WAHR;IT;;WS1415;0,4;0;0;
2SWB_7000;7;SWT;Bachelorarbeit;P;0;0;IT;IT;;1070;Beck;Astrid;;;WAHR;IT;;SS15;0;0;0;
2SWB_7000;7;SWT;Bachelorarbeit;P;0;0;IT;IT;;1070;Beck;Astrid;;;WAHR;IT;;WS1415;0;0;0;
2SWB_7000;7;SWT;Bachelorarbeit;P;0;0;IT;IT;;1079;R��ler;Andreas;;;WAHR;IT;;SS15;2;0;0;
2SWB_7000;7;SWT;Bachelorarbeit;P;0;0;IT;IT;;1079;R��ler;Andreas;;;WAHR;IT;;WS1415;0;0;0;
2SWB_7000;7;SWT;Bachelorarbeit;P;0;0;IT;IT;;1119;Gro�;Hans-Gerhard;;;WAHR;IT;;SS15;0;0;0;
2SWB_7000;7;SWT;Bachelorarbeit;P;0;0;IT;IT;;1119;Gro�;Hans-Gerhard;;;WAHR;IT;;WS1415;0,4;0;0;
2SWB_8702;7;SWT;Vertrags- und Internet-Recht;W;2;2;IT;IT;;1009;LB Schlie�;Markus;;Mi. 1. Stunde;FALSCH;IT;Schmidt;SS15;0;2;2;
2SWB_8702;7;SWT;Vertrags- und Internet-Recht;W;2;2;IT;IT;;1009;LB Schlie�;Markus;;Mi. 1. Stunde;FALSCH;IT;Schmidt;WS1415;2;2;2;
2SWB_8702;7;SWT;Vertrags- und Internet-Recht;W;2;2;IT;IT;;1009;LB Schlie�;Markus;;Mi. 1. Stunde;FALSCH;IT;Schmidt;WS1516;2;2;2;
2SWB_8722;7;SWT;Einf�hrung in CAD;W;2;2;G;IT;;0;Service G;;;;WAHR;G;;SS15;0;2;2;
2SWB_8722;7;SWT;Einf�hrung in CAD;W;2;2;G;IT;;0;Service G;;;;WAHR;G;;WS1415;1;2;2;
2SWB_8722;7;SWT;Einf�hrung in CAD;W;2;2;G;IT;;0;Service G;;;;WAHR;G;;WS1516;1;2;2;
2SWB_8722;7;SWT;Einf�hrung in CAD;W;2;2;IT;IT;;1101;LB Brill; Michael;;;FALSCH;IT;;SS15;0;2;2;
2SWB_8722;7;SWT;Einf�hrung in CAD;W;2;2;IT;IT;;1101;LB Brill; Michael;;;FALSCH;IT;;WS1415;1;2;2;
2SWB_8722;7;SWT;Einf�hrung in CAD;W;2;2;IT;IT;;1101;LB Brill; Michael;;;FALSCH;IT;;WS1516;1;2;2;
2SWB_8732;7;SWT;Kfz-Systeme ;W;2;2;IT;IT;;1102;LB Mallebrein;Georg;;;FALSCH;IT;;SS15;0;2;2;
2SWB_8732;7;SWT;Kfz-Systeme ;W;2;2;IT;IT;;1102;LB Mallebrein;Georg;;;FALSCH;IT;;WS1415;1;2;2;
2SWB_8732;7;SWT;Kfz-Systeme ;W;2;2;IT;IT;;1102;LB Mallebrein;Georg;;;FALSCH;IT;;WS1516;1;2;2;
2SWB_8732;7;SWT;Kfz-Systeme ;W;2;2;IT;IT;;1156;LB Stabrey;Stephan;;;FALSCH;IT;;SS15;0;0;0;
2SWB_8732;7;SWT;Kfz-Systeme ;W;2;2;IT;IT;;1156;LB Stabrey;Stephan;;;FALSCH;IT;;WS1415;1;0;0;
2SWB_8732;7;SWT;Kfz-Systeme ;W;2;2;IT;IT;;1156;LB Stabrey;Stephan;;;FALSCH;IT;;WS1516;1;0;0;
2SWB_8742;7;SWT;Qualit�tstechniken;W;2;2;IT;IT;;39;LB Gr�bel;Herbert;;Fr nachmittags," 14 t�gig 5 und 6 Stunde;FALSCH;IT;Schmidt;SS15;0;2;2;"
2SWB_8742;7;SWT;Qualit�tstechniken;W;2;2;IT;IT;;39;LB Gr�bel;Herbert;;Fr nachmittags," 14 t�gig 5 und 6 Stunde;FALSCH;IT;Schmidt;WS1415;2;2;2;"
2SWB_8742;7;SWT;Qualit�tstechniken;W;2;2;IT;IT;;39;LB Gr�bel;Herbert;;Fr nachmittags," 14 t�gig 5 und 6 Stunde;FALSCH;IT;Schmidt;WS1516;2;2;2;"
2SWB_8812;7;SWT;Algorithmen;W;2;2;G;IT;;0;Service G;;;;WAHR;G;;WS1415;2;0;0;
2SWB_8832;7;SWT;IT-Sicherheit;W;2;2;GS;IT;;1072;Schoop;Dominik;F 1.3;;WAHR;GS;;SS15;2;2;2;
2SWB_8832;7;SWT;IT-Sicherheit;W;2;2;GS;IT;;1072;Schoop;Dominik;F 1.3;;WAHR;GS;;WS1415;0;2;2;
2SWB_8832;7;SWT;IT-Sicherheit;W;2;2;GS;IT;;1072;Schoop;Dominik;F 1.3;;WAHR;GS;;WS1516;0;2;2;
2SWB_8842;7;SWT;Fernsehtechnik;W;2;2;IT;IT;;1010;LB Schulz;Peter;;;FALSCH;IT;Buck;SS15;2;2;2;
2SWB_8842;7;SWT;Fernsehtechnik;W;2;2;IT;IT;;1010;LB Schulz;Peter;;;FALSCH;IT;Buck;WS1415;0;2;2;
2SWB_8842;7;SWT;Fernsehtechnik;W;2;2;IT;IT;;1010;LB Schulz;Peter;;;FALSCH;IT;Buck;WS1516;0;2;2;
2SWB_8862;7;SWT;Programmieren in C#;W;2;2;IT;IT;;15;Melcher;Harald;F1.457;;WAHR;IT;;WS1415;2;0;0;
2SWB_8882;7;SWT;Systemarchitekturen mit .NET;W;2;2;IT;IT;;1071;LB Erath;Patrick;;;FALSCH;IT;Goll;SS15;0;2;2;
2SWB_8882;7;SWT;Systemarchitekturen mit .NET;W;2;2;IT;IT;;1071;LB Erath;Patrick;;;FALSCH;IT;Goll;WS1415;2;2;2;
2SWB_8882;7;SWT;Systemarchitekturen mit .NET;W;2;2;IT;IT;;1071;LB Erath;Patrick;;;FALSCH;IT;Goll;WS1516;2;2;2;
2SWB_8912;7;SWT;Kryptologie;W;2;2;IT;IT;;17;Schmidt;Reinhard;F1.419;;WAHR;IT;;SS15;0;2;2;
2SWB_8912;7;SWT;Kryptologie;W;2;2;IT;IT;;17;Schmidt;Reinhard;F1.419;;WAHR;IT;;WS1415;0;2;2;
2SWB_8912;7;SWT;Kryptologie;W;2;2;IT;IT;;17;Schmidt;Reinhard;F1.419;;WAHR;IT;;WS1516;0;2;2;
2SWB_8922;7;SWT;Numerische Methoden;W;2;2;G;IT;;0;Service G;;;;WAHR;G;;SS15;2;2;2;
2SWB_8922;7;SWT;Numerische Methoden;W;2;2;G;IT;;0;Service G;;;;WAHR;G;;WS1415;0;2;2;
2SWB_8922;7;SWT;Numerische Methoden;W;2;2;G;IT;;0;Service G;;;;WAHR;G;;WS1516;0;2;2;
2SWB_8942;7;SWT;Paralles Rechnen;W;2;2;IT;IT;;1055;V�terlein;Peter;F 1,452;;WAHR;IT;;SS15;2;2;2;
2SWB_8942;7;SWT;Paralles Rechnen;W;2;2;IT;IT;;1055;V�terlein;Peter;F 1,452;;WAHR;IT;;WS1415;0;2;2;
2SWB_8942;7;SWT;Paralles Rechnen;W;2;2;IT;IT;;1055;V�terlein;Peter;F 1,452;;WAHR;IT;;WS1516;0;2;2;
2SWB_8998;7;SWT;Systeme der Elektromobilit�t;W;2;2;IT;IT;;1168;LB Decker;Markus;;;FALSCH;IT;;SS15;2;2;2;
2SWB_8998;7;SWT;Systeme der Elektromobilit�t;W;2;2;IT;IT;;1168;LB Decker;Markus;;;FALSCH;IT;;WS1516;0;2;2;
2TIB_6011;6;TIB;Studienarbeit;P;0;0;IT;IT;;22;Zimmermann;Werner;F1.351;;WAHR;IT;;SS15;1,2;0;0;
2TIB_6011;6;TIB;Studienarbeit;P;0;0;IT;IT;;22;Zimmermann;Werner;F1.351;;WAHR;IT;;WS1415;0,4;0;0;
2TIB_6011;6;TIB;Studienarbeit;P;0;0;IT;IT;;1023;Keller;Reinhard;;;WAHR;IT;;SS15;0,4;0;0;
2TIB_6011;6;TIB;Studienarbeit;P;0;0;IT;IT;;1023;Keller;Reinhard;;;WAHR;IT;;WS1415;0,6;0;0;
2TIB_6011;6;TIB;Studienarbeit;P;0;0;IT;IT;;1053;Friedrich;J�rg;;;WAHR;IT;;SS15;0,4;0;0;
2TIB_6011;6;TIB;Studienarbeit;P;0;0;IT;IT;;1053;Friedrich;J�rg;;;WAHR;IT;;WS1415;0,2;0;0;
2TIB_6011;6;TIB;Studienarbeit;P;0;0;IT;IT;;1105;Marchthaler;Reiner;;;WAHR;IT;;SS15;2;0;0;
2TIB_6011;6;TIB;Studienarbeit;P;0;0;IT;IT;;1105;Marchthaler;Reiner;;;WAHR;IT;;WS1415;2;0;0;
2TIB_7000;7;TIB;Bachelorarbeit;P;0;0;IT;IT;;22;Zimmermann;Werner;F1.351;;WAHR;IT;;SS15;2;0;0;
2TIB_7000;7;TIB;Bachelorarbeit;P;0;0;IT;IT;;22;Zimmermann;Werner;F1.351;;WAHR;IT;;WS1415;0;0;0;
2TIB_7000;7;TIB;Bachelorarbeit;P;0;0;IT;IT;;86;Malz;Reinhard;F1.453;;WAHR;IT;;SS15;0;0;0;
2TIB_7000;7;TIB;Bachelorarbeit;P;0;0;IT;IT;;86;Malz;Reinhard;F1.453;;WAHR;IT;;WS1415;0;0;0;
2TIB_7000;7;TIB;Bachelorarbeit;P;0;0;IT;IT;;1022;Lindermeir;Walter Matthias;F1.451;;WAHR;IT;;SS15;1,6;0;0;
2TIB_7000;7;TIB;Bachelorarbeit;P;0;0;IT;IT;;1022;Lindermeir;Walter Matthias;F1.451;;WAHR;IT;;WS1415;1,6;0;0;
2TIB_7000;7;TIB;Bachelorarbeit;P;0;0;IT;IT;;1023;Keller;Reinhard;;;WAHR;IT;;SS15;2;0;0;
2TIB_7000;7;TIB;Bachelorarbeit;P;0;0;IT;IT;;1023;Keller;Reinhard;;;WAHR;IT;;WS1415;2;0;0;
2TIB_7000;7;TIB;Bachelorarbeit;P;0;0;IT;IT;;1053;Friedrich;J�rg;;;WAHR;IT;;SS15;0,4;0;0;
2TIB_7000;7;TIB;Bachelorarbeit;P;0;0;IT;IT;;1053;Friedrich;J�rg;;;WAHR;IT;;WS1415;0;0;0;
2TIB_7000;7;TIB;Bachelorarbeit;P;0;0;IT;IT;;1105;Marchthaler;Reiner;;;WAHR;IT;;SS15;2;0;0;
2TIB_7000;7;TIB;Bachelorarbeit;P;0;0;IT;IT;;1105;Marchthaler;Reiner;;;WAHR;IT;;WS1415;2;0;0;
2TIB_8651;7;TIB;Web-Technologien;W;2;2;IT;IT;;1070;Beck;Astrid;;;WAHR;IT;;SS15;1;2;2;
2TIB_8651;7;TIB;Web-Technologien;W;2;2;IT;IT;;1070;Beck;Astrid;;;WAHR;IT;;WS1415;0;2;2;
2TIB_8651;7;TIB;Web-Technologien;W;2;2;IT;IT;;1070;Beck;Astrid;;;WAHR;IT;;WS1516;0;2;2;
2TIB_8651;7;TIB;Web-Technologien;W;2;2;IT;IT;;1111;LB Bosch;Andy;;;FALSCH;IT;Beck;SS15;1;0;0;
2TIB_8651;7;TIB;Web-Technologien;W;2;2;IT;IT;;1111;LB Bosch;Andy;;;FALSCH;IT;Beck;WS1415;0;0;0;
2TIB_8651;7;TIB;Web-Technologien;W;2;2;IT;IT;;1111;LB Bosch;Andy;;;FALSCH;IT;Beck;WS1516;0;0;0;
2TIB_8702;7;TIB;Vertrags- und Internet-Recht;W;2;2;IT;IT;;1009;LB Schlie�;Markus;;Mi. 1. Stunde;FALSCH;IT;Schmidt;SS15;0;2;2;
2TIB_8702;7;TIB;Vertrags- und Internet-Recht;W;2;2;IT;IT;;1009;LB Schlie�;Markus;;Mi. 1. Stunde;FALSCH;IT;Schmidt;WS1415;0;2;2;
2TIB_8702;7;TIB;Vertrags- und Internet-Recht;W;2;2;IT;IT;;1009;LB Schlie�;Markus;;Mi. 1. Stunde;FALSCH;IT;Schmidt;WS1516;0;2;2;
2TIB_8722;7;TIB;Einf�hrung in CAD;W;2;2;G;IT;;0;Service G;;;;WAHR;G;;SS15;0;2;2;
2TIB_8722;7;TIB;Einf�hrung in CAD;W;2;2;G;IT;;0;Service G;;;;WAHR;G;;WS1415;0;2;2;
2TIB_8722;7;TIB;Einf�hrung in CAD;W;2;2;G;IT;;0;Service G;;;;WAHR;G;;WS1516;0;2;2;
2TIB_8722;7;TIB;Einf�hrung in CAD;W;2;2;IT;IT;;1101;LB Brill; Michael;;;FALSCH;IT;;SS15;0;0;0;
2TIB_8722;7;TIB;Einf�hrung in CAD;W;2;2;IT;IT;;1101;LB Brill; Michael;;;FALSCH;IT;;WS1415;0;0;0;
2TIB_8722;7;TIB;Einf�hrung in CAD;W;2;2;IT;IT;;1101;LB Brill; Michael;;;FALSCH;IT;;WS1516;0;0;0;
2TIB_8732;7;TIB;Kfz-Systeme ;W;2;2;IT;IT;;1102;LB Mallebrein;Georg;;;FALSCH;IT;;SS15;0;2;2;
2TIB_8732;7;TIB;Kfz-Systeme ;W;2;2;IT;IT;;1102;LB Mallebrein;Georg;;;FALSCH;IT;;WS1415;1;2;2;
2TIB_8732;7;TIB;Kfz-Systeme ;W;2;2;IT;IT;;1102;LB Mallebrein;Georg;;;FALSCH;IT;;WS1516;0;2;2;
2TIB_8732;7;TIB;Kfz-Systeme ;W;2;2;IT;IT;;1156;LB Stabrey;Stephan;;;FALSCH;IT;;SS15;0;0;0;
2TIB_8732;7;TIB;Kfz-Systeme ;W;2;2;IT;IT;;1156;LB Stabrey;Stephan;;;FALSCH;IT;;WS1415;0;0;0;
2TIB_8732;7;TIB;Kfz-Systeme ;W;2;2;IT;IT;;1156;LB Stabrey;Stephan;;;FALSCH;IT;;WS1516;0;0;0;
2TIB_8732;7;TIB;Kfz-Systeme ;W;2;2;IT;IT;;1210;LB Maurer;Thomas;;;FALSCH;IT;Marchthaler;WS1415;1;0;0;
2TIB_8742;7;TIB;Qualit�tstechniken;W;2;2;IT;IT;;39;LB Gr�bel;Herbert;;Fr nachmittags," 14 t�gig 5 und 6 Stunde;FALSCH;IT;Schmidt;SS15;0;2;2;"
2TIB_8742;7;TIB;Qualit�tstechniken;W;2;2;IT;IT;;39;LB Gr�bel;Herbert;;Fr nachmittags," 14 t�gig 5 und 6 Stunde;FALSCH;IT;Schmidt;WS1415;0;2;2;"
2TIB_8742;7;TIB;Qualit�tstechniken;W;2;2;IT;IT;;39;LB Gr�bel;Herbert;;Fr nachmittags," 14 t�gig 5 und 6 Stunde;FALSCH;IT;Schmidt;WS1516;0;2;2;"
2TIB_8812;7;TIB;Algorithmen;W;2;2;G;IT;;0;Service G;;;;WAHR;G;;SS15;0;2;2;
2TIB_8812;7;TIB;Algorithmen;W;2;2;G;IT;;0;Service G;;;;WAHR;G;;WS1415;0;2;2;
2TIB_8812;7;TIB;Algorithmen;W;2;2;G;IT;;0;Service G;;;;WAHR;G;;WS1516;0;2;2;
2TIB_8832;7;TIB;IT-Sicherheit;W;2;2;GS;IT;;1072;Schoop;Dominik;F 1.3;;WAHR;GS;;SS15;0;2;2;
2TIB_8832;7;TIB;IT-Sicherheit;W;2;2;GS;IT;;1072;Schoop;Dominik;F 1.3;;WAHR;GS;;WS1415;0;2;2;
2TIB_8832;7;TIB;IT-Sicherheit;W;2;2;GS;IT;;1072;Schoop;Dominik;F 1.3;;WAHR;GS;;WS1516;0;2;2;
2TIB_8842;7;TIB;Fernsehtechnik;W;2;2;IT;IT;;1010;LB Schulz;Peter;;;FALSCH;IT;Buck;SS15;0;2;2;
2TIB_8842;7;TIB;Fernsehtechnik;W;2;2;IT;IT;;1010;LB Schulz;Peter;;;FALSCH;IT;Buck;WS1415;0;2;2;
2TIB_8842;7;TIB;Fernsehtechnik;W;2;2;IT;IT;;1010;LB Schulz;Peter;;;FALSCH;IT;Buck;WS1516;0;2;2;
2TIB_8852;7;TIB;Technischer Vertrieb;W;2;2;IT;IT;;15;Melcher;Harald;F1.457;;WAHR;IT;;SS15;0;0;0;
2TIB_8852;7;TIB;Technischer Vertrieb;W;2;2;IT;IT;;15;Melcher;Harald;F1.457;;WAHR;IT;;WS1415;0;0;0;
2TIB_8852;7;TIB;Technischer Vertrieb;W;2;2;IT;IT;;15;Melcher;Harald;F1.457;;WAHR;IT;;WS1516;0;0;0;
2TIB_8882;7;TIB;Systemarchitekturen mit .NET;W;2;2;IT;IT;;1071;LB Erath;Patrick;;;FALSCH;IT;Goll;SS15;0;2;2;
2TIB_8882;7;TIB;Systemarchitekturen mit .NET;W;2;2;IT;IT;;1071;LB Erath;Patrick;;;FALSCH;IT;Goll;WS1415;0;2;2;
2TIB_8882;7;TIB;Systemarchitekturen mit .NET;W;2;2;IT;IT;;1071;LB Erath;Patrick;;;FALSCH;IT;Goll;WS1516;0;2;2;
2TIB_8912;7;TIB;Kryptologie;W;2;2;IT;IT;;17;Schmidt;Reinhard;F1.419;;WAHR;IT;;SS15;0;2;2;
2TIB_8912;7;TIB;Kryptologie;W;2;2;IT;IT;;17;Schmidt;Reinhard;F1.419;;WAHR;IT;;WS1415;0;2;2;
2TIB_8912;7;TIB;Kryptologie;W;2;2;IT;IT;;17;Schmidt;Reinhard;F1.419;;WAHR;IT;;WS1516;0;2;2;
2TIB_8922;7;TIB;Numerische Methoden;W;2;2;G;IT;;0;Service G;;;;WAHR;G;;SS15;0;2;2;
2TIB_8922;7;TIB;Numerische Methoden;W;2;2;G;IT;;0;Service G;;;;WAHR;G;;WS1415;0;2;2;
2TIB_8922;7;TIB;Numerische Methoden;W;2;2;G;IT;;0;Service G;;;;WAHR;G;;WS1516;0;2;2;
2TIB_8942;7;TIB;Paralles Rechnen;W;2;2;IT;IT;;1055;V�terlein;Peter;F 1,452;;WAHR;IT;;SS15;0;2;2;
2TIB_8942;7;TIB;Paralles Rechnen;W;2;2;IT;IT;;1055;V�terlein;Peter;F 1,452;;WAHR;IT;;WS1415;0;2;2;
2TIB_8942;7;TIB;Paralles Rechnen;W;2;2;IT;IT;;1055;V�terlein;Peter;F 1,452;;WAHR;IT;;WS1516;0;2;2;
2TIB_8999;7;TIB;Zuverl�ssigkeit u. Sicherheit automotive Systems Software;W;2;2;IT;IT;;1132;LB Dold;Axel;;;FALSCH;IT;;WS1415;1;0;0;
2TIB_8999;7;TIB;Zuverl�ssigkeit u. Sicherheit automotive Systems Software;W;2;2;IT;IT;;1190;LB Westermann;Markus;;;FALSCH;IT;;WS1415;1;0;0;
3MIB_5013;5;MIB;Betriebliche Praxis;P;0;0;IT;IT;;999;IT-Prof;�;F 1.3;;WAHR;IT;;SS15;0;0;0;
3MIB_5013;5;MIB;Betriebliche Praxis;P;0;0;IT;IT;;999;IT-Prof;�;F 1.3;;WAHR;IT;;WS1415;0;0;0;
3MIB_5013;5;MIB;Betriebliche Praxis;P;0;0;IT;IT;;999;IT-Prof;�;F 1.3;;WAHR;IT;;WS1516;0;0;0;
3SWB_4033;5;ITA;Ingenieursmethodiken;P;0;0;IT;IT;;999;IT-Prof;�;F 1.3;;WAHR;IT;;SS15;0;0;0;
3SWB_4033;5;ITA;Ingenieursmethodiken;P;0;0;IT;IT;;999;IT-Prof;�;F 1.3;;WAHR;IT;;WS1415;0;0;0;
3SWB_4033;5;ITA;Ingenieursmethodiken;P;0;0;IT;IT;;999;IT-Prof;�;F 1.3;;WAHR;IT;;WS1516;0;0;0;
3SWB_5013;5;SWB;Betriebliche Praxis;P;0;0;IT;IT;;999;IT-Prof;�;F 1.3;;WAHR;IT;;SS15;0;0;0;
3SWB_5013;5;SWB;Betriebliche Praxis;P;0;0;IT;IT;;999;IT-Prof;�;F 1.3;;WAHR;IT;;WS1415;0;0;0;
3SWB_5013;5;SWB;Betriebliche Praxis;P;0;0;IT;IT;;999;IT-Prof;�;F 1.3;;WAHR;IT;;WS1516;0;0;0;
3SWB_5023;5;ITB;Ingenieursmethodiken;P;3;4;IT;IT;;999;IT-Prof;�;F 1.3;;WAHR;IT;;SS15;0;3;4;
3SWB_5023;5;ITB;Ingenieursmethodiken;P;3;4;IT;IT;;999;IT-Prof;�;F 1.3;;WAHR;IT;;WS1415;0;3;4;
3SWB_5023;5;ITB;Ingenieursmethodiken;P;3;4;IT;IT;;999;IT-Prof;�;F 1.3;;WAHR;IT;;WS1516;0;3;4;
3SWB-9192;7;SWB;Informationspsychologie;W;2;2;IT;IT;;1203;LB Scholz;Florian;;;FALSCH;IT;Schmidt;WS1415;2;0;0;
3SWB-919a;7;SWB;Data Mining;W;2;2;IT;IT;;1157;LB Theis;Florian;;;FALSCH;IT;;WS1516;1,5;2;2;Bergmeir
3TIB_5013;5;TIB;Betriebliche Praxis;P;0;0;IT;IT;;999;IT-Prof;�;F 1.3;;WAHR;IT;;WS1415;0;0;0;
3TIB_6013;6;TIB;Digitale Signalverarbeitung;P;3;4;IT;IT;;7;H�fer;Karlheinz;F1.452;;WAHR;IT;;SS15;4;4;4;
3TIB_6013;6;TIB;Digitale Signalverarbeitung;P;3;4;IT;IT;;7;H�fer;Karlheinz;F1.452;;WAHR;IT;;WS1516;4;4;4;
3TIB_6113;6;TIB;Labor Digitale Signalverarbeitung;P;1;2;IT;IT;;7;H�fer;Karlheinz;F1.452;;WAHR;IT;;SS15;2;1;4;
3TIB_6113;6;TIB;Labor Digitale Signalverarbeitung;P;1;2;IT;IT;;7;H�fer;Karlheinz;F1.452;;WAHR;IT;;WS1516;1;1;4;
3WFB_5013;5;WKB;Betriebliche Praxis;P;0;0;IT;IT;;999;IT-Prof;�;F 1.3;;WAHR;IT;;SS15;0;0;0;
3WFB_5013;5;WKB;Betriebliche Praxis;P;0;0;IT;IT;;999;IT-Prof;�;F 1.3;;WAHR;IT;;WS1415;0;0;0;
3WFB_5013;5;WKB;Betriebliche Praxis;P;0;0;IT;IT;;999;IT-Prof;�;F 1.3;;WAHR;IT;;WS1516;0;0;0;
8000007-SWB;7;SWB;Programmieren in C#;W;2;2;IT;IT;Blockseminar;15;Melcher;Harald;F1.457;;WAHR;IT;;SS15;2;0;0;
8006001-SWB;7;SWB;Game Engineering;W;2;2;IT;IT;;15;Melcher;Harald;F1.457;;WAHR;IT;;SS15;2;0;0;
AN_999100;1;AN;Vorlesungen AN," Export;P;0;0;IT;AN;;15;Melcher;Harald;F1.457;;WAHR;IT;;SS15;1;0;0;"
AN_999100;1;AN;Vorlesungen AN," Export;P;0;0;IT;AN;;15;Melcher;Harald;F1.457;;WAHR;IT;;WS1415;1;0;0;"
AN_999100;1;AN;Vorlesungen AN," Export;P;0;0;IT;AN;;15;Melcher;Harald;F1.457;;WAHR;IT;;WS1516;1;0;0;"
ASM_999993;1;ASM;Bachelorarbeiten ASM," Export;P;0;0;IT;GS;;999;IT-Prof;�;F 1.3;;WAHR;IT;;SS15;0;0;0;"
ASM_999993;1;ASM;Bachelorarbeiten ASM," Export;P;0;0;IT;GS;;999;IT-Prof;�;F 1.3;;WAHR;IT;;WS1415;5;0;0;"
ASM_999993;1;ASM;Bachelorarbeiten ASM," Export;P;0;0;IT;GS;;999;IT-Prof;�;F 1.3;;WAHR;IT;;WS1516;0;0;0;"
ASM_999995;1;ASM;Vorlesungen ASM," Neutral;P;0;0;GS;GS;;1072;Schoop;Dominik;F 1.3;;WAHR;GS;;SS15;6;0;0;"
ASM_999995;1;ASM;Vorlesungen ASM," Neutral;P;0;0;GS;GS;;1072;Schoop;Dominik;F 1.3;;WAHR;GS;;WS1415;1",5;0;0;
ASM_999995;1;ASM;Vorlesungen ASM," Neutral;P;0;0;GS;GS;;1072;Schoop;Dominik;F 1.3;;WAHR;GS;;WS1516;0;0;0;"
ASM_999999;1;ASM;Vorlesungen ASM," Export;P;0;0;IT;GS;;15;Melcher;Harald;F1.457;;WAHR;IT;;SS15;2;0;0;"
ASM_999999;1;ASM;Vorlesungen ASM," Export;P;0;0;IT;GS;;15;Melcher;Harald;F1.457;;WAHR;IT;;WS1415;0;0;0;"
ASM_999999;1;ASM;Vorlesungen ASM," Export;P;0;0;IT;GS;;15;Melcher;Harald;F1.457;;WAHR;IT;;WS1516;0;0;0;"
ASM_999999;1;ASM;Vorlesungen ASM," Export;P;0;0;IT;GS;;21;Zieher;Martin;F1.354;;WAHR;IT;;SS15;2;0;0;"
ASM_999999;1;ASM;Vorlesungen ASM," Export;P;0;0;IT;GS;;21;Zieher;Martin;F1.354;;WAHR;IT;;WS1415;0;0;0;"
ASM_999999;1;ASM;Vorlesungen ASM," Export;P;0;0;IT;GS;;21;Zieher;Martin;F1.354;;WAHR;IT;;WS1516;0;0;0;"
ASM_999999;1;ASM;Vorlesungen ASM," Export;P;0;0;IT;GS;;22;Zimmermann;Werner;F1.351;;WAHR;IT;;SS15;0;0;0;"
ASM_999999;1;ASM;Vorlesungen ASM," Export;P;0;0;IT;GS;;22;Zimmermann;Werner;F1.351;;WAHR;IT;;WS1415;4;0;0;"
ASM_999999;1;ASM;Vorlesungen ASM," Export;P;0;0;IT;GS;;22;Zimmermann;Werner;F1.351;;WAHR;IT;;WS1516;4;0;0;"
ASM_999999;1;ASM;Vorlesungen ASM," Export;P;0;0;IT;GS;;1022;Lindermeir;Walter Matthias;F1.451;;WAHR;IT;;SS15;0;0;0;"
ASM_999999;1;ASM;Vorlesungen ASM," Export;P;0;0;IT;GS;;1022;Lindermeir;Walter Matthias;F1.451;;WAHR;IT;;WS1415;2;0;0;"
ASM_999999;1;ASM;Vorlesungen ASM," Export;P;0;0;IT;GS;;1022;Lindermeir;Walter Matthias;F1.451;;WAHR;IT;;WS1516;2;0;0;"
ASM_999999;1;ASM;Vorlesungen ASM," Export;P;0;0;IT;GS;;1053;Friedrich;J�rg;;;WAHR;IT;;SS15;6;0;0;"
ASM_999999;1;ASM;Vorlesungen ASM," Export;P;0;0;IT;GS;;1053;Friedrich;J�rg;;;WAHR;IT;;WS1415;0;0;0;"
ASM_999999;1;ASM;Vorlesungen ASM," Export;P;0;0;IT;GS;;1053;Friedrich;J�rg;;;WAHR;IT;;WS1516;0;0;0;"
ASM_999999;1;ASM;Vorlesungen ASM," Export;P;0;0;IT;GS;;1070;Beck;Astrid;;;WAHR;IT;;SS15;4;0;0;"
ASM_999999;1;ASM;Vorlesungen ASM," Export;P;0;0;IT;GS;;1070;Beck;Astrid;;;WAHR;IT;;WS1415;0;0;0;"
ASM_999999;1;ASM;Vorlesungen ASM," Export;P;0;0;IT;GS;;1070;Beck;Astrid;;;WAHR;IT;;WS1516;0;0;0;"
ASM_999999;1;ASM;Vorlesungen ASM," Export;P;0;0;IT;GS;;1116;LB Meroth;;;;FALSCH;IT;Beck;SS15;0;0;0;"
ASM_999999;1;ASM;Vorlesungen ASM," Export;P;0;0;IT;GS;;1116;LB Meroth;;;;FALSCH;IT;Beck;WS1415;0;0;0;"
ASM_999999;1;ASM;Vorlesungen ASM," Export;P;0;0;IT;GS;;1116;LB Meroth;;;;FALSCH;IT;Beck;WS1516;0;0;0;"
ASM_999999;1;ASM;Vorlesungen ASM," Export;P;0;0;IT;GS;;1192;LB Kull;Hermann;;;FALSCH;IT;;SS15;0;0;0;"
ASM_999999;1;ASM;Vorlesungen ASM," Export;P;0;0;IT;GS;;1192;LB Kull;Hermann;;;FALSCH;IT;;WS1415;8;0;0;"
ASM_999999;1;ASM;Vorlesungen ASM," Export;P;0;0;IT;GS;;1192;LB Kull;Hermann;;;FALSCH;IT;;WS1516;8;0;0;"
HHZ_999999;2;HHZ;Service Science Computing," Export;P;2;2;IT;HHZ;Herman-Hollerith-Zentrum;1013;LB nn;;;;FALSCH;IT;;SS15;0;0;0;"
HHZ_999999;2;HHZ;Service Science Computing," Export;P;2;2;IT;HHZ;Herman-Hollerith-Zentrum;1013;LB nn;;;;FALSCH;IT;;WS1415;0;0;0;"
HHZ_999999;2;HHZ;Service Science Computing," Export;P;2;2;IT;HHZ;Herman-Hollerith-Zentrum;1013;LB nn;;;;FALSCH;IT;;WS1516;0;0;0;"
PromKoll;8;SWT;Promotion;P;0;0;IT;IT;Promotionskolleg Hybrid;16;Nonnast;J�rgen;F1.454;;WAHR;IT;;SS15;0,6;0;0;
PromKoll;8;SWT;Promotion;P;0;0;IT;IT;Promotionskolleg Hybrid;16;Nonnast;J�rgen;F1.454;;WAHR;IT;;WS1415;0,6;0;0;
PromKoll;8;SWT;Promotion;P;0;0;IT;IT;Promotionskolleg Hybrid;16;Nonnast;J�rgen;F1.454;;WAHR;IT;;WS1516;0,6;0;0;
WFB_999999;1;WFB;Vorlesungen WFB," Export;P;0;0;IT;WI;Service an WI durch Kollegen Hesse ab SS13;1122;Rodach;Thomas;;;WAHR;IT;;SS15;0",5;0;0;
WFB_999999;1;WFB;Vorlesungen WFB," Export;P;0;0;IT;WI;Service an WI durch Kollegen Hesse ab SS13;1125;Hesse;Dirk;;;WAHR;IT;;SS15;8;0;0;"
WFB_999999;1;WFB;Vorlesungen WFB," Export;P;0;0;IT;WI;Service an WI durch Kollegen Hesse ab SS13;1125;Hesse;Dirk;;;WAHR;IT;;WS1415;10;0;0;"
WFB_999999;1;WFB;Vorlesungen WFB," Export;P;0;0;IT;WI;Service an WI durch Kollegen Hesse ab SS13;1125;Hesse;Dirk;;;WAHR;IT;;WS1516;4;0;0;"
;;;;;;;;;;;;;;;;;;;;;;
;;;;;;;;;;;;;;;;;;;;;;
;;;;;;;;;;;;;;;;;;;;;;
;;;;;;;;;;;;;;;;;;;;;;
;;;;;;;;;;;;;;;;;;;;;;
;;;;;;;;;;;;;;;;;;;;;;